ISO-10303-21;
HEADER;
/* Generated by software containing ST-Developer
 * from STEP Tools, Inc. (www.steptools.com) 
 */

FILE_DESCRIPTION(
/* description */ (''),
/* implementation_level */ '2;1');

FILE_NAME(
/* name */ 'case v1.step',
/* time_stamp */ '2026-01-25T15:38:35+06:00',
/* author */ (''),
/* organization */ (''),
/* preprocessor_version */ 'ST-DEVELOPER v20.1',
/* originating_system */ 'Autodesk Translation Framework v14.21.0.0',
/* authorisation */ '');

FILE_SCHEMA (('AUTOMOTIVE_DESIGN { 1 0 10303 214 3 1 1 }'));
ENDSEC;

DATA;
#10=MECHANICAL_DESIGN_GEOMETRIC_PRESENTATION_REPRESENTATION('',(#13,#14),
#6135);
#11=SHAPE_REPRESENTATION_RELATIONSHIP('SRR','None',#6142,#12);
#12=ADVANCED_BREP_SHAPE_REPRESENTATION('',(#15,#16),#6134);
#13=STYLED_ITEM('',(#6152),#15);
#14=STYLED_ITEM('',(#6152),#16);
#15=MANIFOLD_SOLID_BREP('Body1',#3878);
#16=MANIFOLD_SOLID_BREP('Body2',#3879);
#17=CYLINDRICAL_SURFACE('',#3996,1.99999999999999);
#18=CYLINDRICAL_SURFACE('',#3997,1.99999999999999);
#19=CYLINDRICAL_SURFACE('',#3998,1.99999999999999);
#20=CYLINDRICAL_SURFACE('',#3999,2.);
#21=FACE_BOUND('',#238,.T.);
#22=FACE_BOUND('',#239,.T.);
#23=FACE_BOUND('',#240,.T.);
#24=FACE_BOUND('',#241,.T.);
#25=FACE_BOUND('',#243,.T.);
#26=FACE_BOUND('',#329,.T.);
#27=FACE_BOUND('',#331,.T.);
#28=FACE_BOUND('',#333,.T.);
#29=FACE_BOUND('',#335,.T.);
#30=FACE_BOUND('',#425,.T.);
#31=CIRCLE('',#3899,2.);
#32=CIRCLE('',#3900,1.99999999999999);
#33=CIRCLE('',#3901,1.99999999999999);
#34=CIRCLE('',#3902,1.99999999999999);
#35=CIRCLE('',#3989,1.99999999999999);
#36=CIRCLE('',#3991,1.99999999999999);
#37=CIRCLE('',#3993,2.);
#38=CIRCLE('',#3995,1.99999999999999);
#39=FACE_OUTER_BOUND('',#232,.T.);
#40=FACE_OUTER_BOUND('',#233,.T.);
#41=FACE_OUTER_BOUND('',#234,.T.);
#42=FACE_OUTER_BOUND('',#235,.T.);
#43=FACE_OUTER_BOUND('',#236,.T.);
#44=FACE_OUTER_BOUND('',#237,.T.);
#45=FACE_OUTER_BOUND('',#242,.T.);
#46=FACE_OUTER_BOUND('',#244,.T.);
#47=FACE_OUTER_BOUND('',#245,.T.);
#48=FACE_OUTER_BOUND('',#246,.T.);
#49=FACE_OUTER_BOUND('',#247,.T.);
#50=FACE_OUTER_BOUND('',#248,.T.);
#51=FACE_OUTER_BOUND('',#249,.T.);
#52=FACE_OUTER_BOUND('',#250,.T.);
#53=FACE_OUTER_BOUND('',#251,.T.);
#54=FACE_OUTER_BOUND('',#252,.T.);
#55=FACE_OUTER_BOUND('',#253,.T.);
#56=FACE_OUTER_BOUND('',#254,.T.);
#57=FACE_OUTER_BOUND('',#255,.T.);
#58=FACE_OUTER_BOUND('',#256,.T.);
#59=FACE_OUTER_BOUND('',#257,.T.);
#60=FACE_OUTER_BOUND('',#258,.T.);
#61=FACE_OUTER_BOUND('',#259,.T.);
#62=FACE_OUTER_BOUND('',#260,.T.);
#63=FACE_OUTER_BOUND('',#261,.T.);
#64=FACE_OUTER_BOUND('',#262,.T.);
#65=FACE_OUTER_BOUND('',#263,.T.);
#66=FACE_OUTER_BOUND('',#264,.T.);
#67=FACE_OUTER_BOUND('',#265,.T.);
#68=FACE_OUTER_BOUND('',#266,.T.);
#69=FACE_OUTER_BOUND('',#267,.T.);
#70=FACE_OUTER_BOUND('',#268,.T.);
#71=FACE_OUTER_BOUND('',#269,.T.);
#72=FACE_OUTER_BOUND('',#270,.T.);
#73=FACE_OUTER_BOUND('',#271,.T.);
#74=FACE_OUTER_BOUND('',#272,.T.);
#75=FACE_OUTER_BOUND('',#273,.T.);
#76=FACE_OUTER_BOUND('',#274,.T.);
#77=FACE_OUTER_BOUND('',#275,.T.);
#78=FACE_OUTER_BOUND('',#276,.T.);
#79=FACE_OUTER_BOUND('',#277,.T.);
#80=FACE_OUTER_BOUND('',#278,.T.);
#81=FACE_OUTER_BOUND('',#279,.T.);
#82=FACE_OUTER_BOUND('',#280,.T.);
#83=FACE_OUTER_BOUND('',#281,.T.);
#84=FACE_OUTER_BOUND('',#282,.T.);
#85=FACE_OUTER_BOUND('',#283,.T.);
#86=FACE_OUTER_BOUND('',#284,.T.);
#87=FACE_OUTER_BOUND('',#285,.T.);
#88=FACE_OUTER_BOUND('',#286,.T.);
#89=FACE_OUTER_BOUND('',#287,.T.);
#90=FACE_OUTER_BOUND('',#288,.T.);
#91=FACE_OUTER_BOUND('',#289,.T.);
#92=FACE_OUTER_BOUND('',#290,.T.);
#93=FACE_OUTER_BOUND('',#291,.T.);
#94=FACE_OUTER_BOUND('',#292,.T.);
#95=FACE_OUTER_BOUND('',#293,.T.);
#96=FACE_OUTER_BOUND('',#294,.T.);
#97=FACE_OUTER_BOUND('',#295,.T.);
#98=FACE_OUTER_BOUND('',#296,.T.);
#99=FACE_OUTER_BOUND('',#297,.T.);
#100=FACE_OUTER_BOUND('',#298,.T.);
#101=FACE_OUTER_BOUND('',#299,.T.);
#102=FACE_OUTER_BOUND('',#300,.T.);
#103=FACE_OUTER_BOUND('',#301,.T.);
#104=FACE_OUTER_BOUND('',#302,.T.);
#105=FACE_OUTER_BOUND('',#303,.T.);
#106=FACE_OUTER_BOUND('',#304,.T.);
#107=FACE_OUTER_BOUND('',#305,.T.);
#108=FACE_OUTER_BOUND('',#306,.T.);
#109=FACE_OUTER_BOUND('',#307,.T.);
#110=FACE_OUTER_BOUND('',#308,.T.);
#111=FACE_OUTER_BOUND('',#309,.T.);
#112=FACE_OUTER_BOUND('',#310,.T.);
#113=FACE_OUTER_BOUND('',#311,.T.);
#114=FACE_OUTER_BOUND('',#312,.T.);
#115=FACE_OUTER_BOUND('',#313,.T.);
#116=FACE_OUTER_BOUND('',#314,.T.);
#117=FACE_OUTER_BOUND('',#315,.T.);
#118=FACE_OUTER_BOUND('',#316,.T.);
#119=FACE_OUTER_BOUND('',#317,.T.);
#120=FACE_OUTER_BOUND('',#318,.T.);
#121=FACE_OUTER_BOUND('',#319,.T.);
#122=FACE_OUTER_BOUND('',#320,.T.);
#123=FACE_OUTER_BOUND('',#321,.T.);
#124=FACE_OUTER_BOUND('',#322,.T.);
#125=FACE_OUTER_BOUND('',#323,.T.);
#126=FACE_OUTER_BOUND('',#324,.T.);
#127=FACE_OUTER_BOUND('',#325,.T.);
#128=FACE_OUTER_BOUND('',#326,.T.);
#129=FACE_OUTER_BOUND('',#327,.T.);
#130=FACE_OUTER_BOUND('',#328,.T.);
#131=FACE_OUTER_BOUND('',#330,.T.);
#132=FACE_OUTER_BOUND('',#332,.T.);
#133=FACE_OUTER_BOUND('',#334,.T.);
#134=FACE_OUTER_BOUND('',#336,.T.);
#135=FACE_OUTER_BOUND('',#337,.T.);
#136=FACE_OUTER_BOUND('',#338,.T.);
#137=FACE_OUTER_BOUND('',#339,.T.);
#138=FACE_OUTER_BOUND('',#340,.T.);
#139=FACE_OUTER_BOUND('',#341,.T.);
#140=FACE_OUTER_BOUND('',#342,.T.);
#141=FACE_OUTER_BOUND('',#343,.T.);
#142=FACE_OUTER_BOUND('',#344,.T.);
#143=FACE_OUTER_BOUND('',#345,.T.);
#144=FACE_OUTER_BOUND('',#346,.T.);
#145=FACE_OUTER_BOUND('',#347,.T.);
#146=FACE_OUTER_BOUND('',#348,.T.);
#147=FACE_OUTER_BOUND('',#349,.T.);
#148=FACE_OUTER_BOUND('',#350,.T.);
#149=FACE_OUTER_BOUND('',#351,.T.);
#150=FACE_OUTER_BOUND('',#352,.T.);
#151=FACE_OUTER_BOUND('',#353,.T.);
#152=FACE_OUTER_BOUND('',#354,.T.);
#153=FACE_OUTER_BOUND('',#355,.T.);
#154=FACE_OUTER_BOUND('',#356,.T.);
#155=FACE_OUTER_BOUND('',#357,.T.);
#156=FACE_OUTER_BOUND('',#358,.T.);
#157=FACE_OUTER_BOUND('',#359,.T.);
#158=FACE_OUTER_BOUND('',#360,.T.);
#159=FACE_OUTER_BOUND('',#361,.T.);
#160=FACE_OUTER_BOUND('',#362,.T.);
#161=FACE_OUTER_BOUND('',#363,.T.);
#162=FACE_OUTER_BOUND('',#364,.T.);
#163=FACE_OUTER_BOUND('',#365,.T.);
#164=FACE_OUTER_BOUND('',#366,.T.);
#165=FACE_OUTER_BOUND('',#367,.T.);
#166=FACE_OUTER_BOUND('',#368,.T.);
#167=FACE_OUTER_BOUND('',#369,.T.);
#168=FACE_OUTER_BOUND('',#370,.T.);
#169=FACE_OUTER_BOUND('',#371,.T.);
#170=FACE_OUTER_BOUND('',#372,.T.);
#171=FACE_OUTER_BOUND('',#373,.T.);
#172=FACE_OUTER_BOUND('',#374,.T.);
#173=FACE_OUTER_BOUND('',#375,.T.);
#174=FACE_OUTER_BOUND('',#376,.T.);
#175=FACE_OUTER_BOUND('',#377,.T.);
#176=FACE_OUTER_BOUND('',#378,.T.);
#177=FACE_OUTER_BOUND('',#379,.T.);
#178=FACE_OUTER_BOUND('',#380,.T.);
#179=FACE_OUTER_BOUND('',#381,.T.);
#180=FACE_OUTER_BOUND('',#382,.T.);
#181=FACE_OUTER_BOUND('',#383,.T.);
#182=FACE_OUTER_BOUND('',#384,.T.);
#183=FACE_OUTER_BOUND('',#385,.T.);
#184=FACE_OUTER_BOUND('',#386,.T.);
#185=FACE_OUTER_BOUND('',#387,.T.);
#186=FACE_OUTER_BOUND('',#388,.T.);
#187=FACE_OUTER_BOUND('',#389,.T.);
#188=FACE_OUTER_BOUND('',#390,.T.);
#189=FACE_OUTER_BOUND('',#391,.T.);
#190=FACE_OUTER_BOUND('',#392,.T.);
#191=FACE_OUTER_BOUND('',#393,.T.);
#192=FACE_OUTER_BOUND('',#394,.T.);
#193=FACE_OUTER_BOUND('',#395,.T.);
#194=FACE_OUTER_BOUND('',#396,.T.);
#195=FACE_OUTER_BOUND('',#397,.T.);
#196=FACE_OUTER_BOUND('',#398,.T.);
#197=FACE_OUTER_BOUND('',#399,.T.);
#198=FACE_OUTER_BOUND('',#400,.T.);
#199=FACE_OUTER_BOUND('',#401,.T.);
#200=FACE_OUTER_BOUND('',#402,.T.);
#201=FACE_OUTER_BOUND('',#403,.T.);
#202=FACE_OUTER_BOUND('',#404,.T.);
#203=FACE_OUTER_BOUND('',#405,.T.);
#204=FACE_OUTER_BOUND('',#406,.T.);
#205=FACE_OUTER_BOUND('',#407,.T.);
#206=FACE_OUTER_BOUND('',#408,.T.);
#207=FACE_OUTER_BOUND('',#409,.T.);
#208=FACE_OUTER_BOUND('',#410,.T.);
#209=FACE_OUTER_BOUND('',#411,.T.);
#210=FACE_OUTER_BOUND('',#412,.T.);
#211=FACE_OUTER_BOUND('',#413,.T.);
#212=FACE_OUTER_BOUND('',#414,.T.);
#213=FACE_OUTER_BOUND('',#415,.T.);
#214=FACE_OUTER_BOUND('',#416,.T.);
#215=FACE_OUTER_BOUND('',#417,.T.);
#216=FACE_OUTER_BOUND('',#418,.T.);
#217=FACE_OUTER_BOUND('',#419,.T.);
#218=FACE_OUTER_BOUND('',#420,.T.);
#219=FACE_OUTER_BOUND('',#421,.T.);
#220=FACE_OUTER_BOUND('',#422,.T.);
#221=FACE_OUTER_BOUND('',#423,.T.);
#222=FACE_OUTER_BOUND('',#424,.T.);
#223=FACE_OUTER_BOUND('',#426,.T.);
#224=FACE_OUTER_BOUND('',#427,.T.);
#225=FACE_OUTER_BOUND('',#428,.T.);
#226=FACE_OUTER_BOUND('',#429,.T.);
#227=FACE_OUTER_BOUND('',#430,.T.);
#228=FACE_OUTER_BOUND('',#431,.T.);
#229=FACE_OUTER_BOUND('',#432,.T.);
#230=FACE_OUTER_BOUND('',#433,.T.);
#231=FACE_OUTER_BOUND('',#434,.T.);
#232=EDGE_LOOP('',(#2410,#2411,#2412,#2413));
#233=EDGE_LOOP('',(#2414,#2415,#2416,#2417,#2418,#2419));
#234=EDGE_LOOP('',(#2420,#2421,#2422,#2423));
#235=EDGE_LOOP('',(#2424,#2425,#2426,#2427,#2428,#2429));
#236=EDGE_LOOP('',(#2430,#2431,#2432,#2433));
#237=EDGE_LOOP('',(#2434,#2435,#2436,#2437,#2438,#2439,#2440,#2441,#2442,
#2443,#2444,#2445,#2446,#2447,#2448,#2449,#2450,#2451,#2452,#2453,#2454,
#2455,#2456,#2457,#2458,#2459,#2460,#2461,#2462,#2463,#2464,#2465,#2466,
#2467,#2468,#2469,#2470,#2471,#2472,#2473,#2474,#2475,#2476,#2477,#2478,
#2479,#2480,#2481,#2482,#2483,#2484,#2485,#2486,#2487,#2488,#2489,#2490,
#2491,#2492,#2493,#2494,#2495,#2496,#2497,#2498,#2499,#2500,#2501,#2502,
#2503,#2504,#2505,#2506,#2507,#2508,#2509,#2510,#2511,#2512,#2513,#2514,
#2515,#2516,#2517,#2518,#2519,#2520,#2521));
#238=EDGE_LOOP('',(#2522));
#239=EDGE_LOOP('',(#2523));
#240=EDGE_LOOP('',(#2524));
#241=EDGE_LOOP('',(#2525));
#242=EDGE_LOOP('',(#2526,#2527,#2528,#2529));
#243=EDGE_LOOP('',(#2530,#2531,#2532,#2533,#2534,#2535,#2536,#2537,#2538,
#2539,#2540,#2541,#2542,#2543,#2544,#2545,#2546,#2547,#2548,#2549,#2550,
#2551,#2552,#2553,#2554,#2555,#2556,#2557,#2558,#2559,#2560,#2561,#2562,
#2563,#2564,#2565,#2566,#2567,#2568,#2569,#2570,#2571,#2572,#2573,#2574,
#2575,#2576,#2577,#2578,#2579,#2580,#2581,#2582,#2583,#2584,#2585,#2586,
#2587,#2588,#2589,#2590,#2591,#2592,#2593,#2594,#2595,#2596,#2597,#2598,
#2599,#2600,#2601,#2602,#2603,#2604,#2605,#2606,#2607,#2608,#2609,#2610,
#2611,#2612,#2613));
#244=EDGE_LOOP('',(#2614,#2615,#2616,#2617));
#245=EDGE_LOOP('',(#2618,#2619,#2620,#2621));
#246=EDGE_LOOP('',(#2622,#2623,#2624,#2625));
#247=EDGE_LOOP('',(#2626,#2627,#2628,#2629));
#248=EDGE_LOOP('',(#2630,#2631,#2632,#2633));
#249=EDGE_LOOP('',(#2634,#2635,#2636,#2637));
#250=EDGE_LOOP('',(#2638,#2639,#2640,#2641));
#251=EDGE_LOOP('',(#2642,#2643,#2644,#2645));
#252=EDGE_LOOP('',(#2646,#2647,#2648,#2649));
#253=EDGE_LOOP('',(#2650,#2651,#2652,#2653));
#254=EDGE_LOOP('',(#2654,#2655,#2656,#2657));
#255=EDGE_LOOP('',(#2658,#2659,#2660,#2661));
#256=EDGE_LOOP('',(#2662,#2663,#2664,#2665));
#257=EDGE_LOOP('',(#2666,#2667,#2668,#2669));
#258=EDGE_LOOP('',(#2670,#2671,#2672,#2673));
#259=EDGE_LOOP('',(#2674,#2675,#2676,#2677));
#260=EDGE_LOOP('',(#2678,#2679,#2680,#2681));
#261=EDGE_LOOP('',(#2682,#2683,#2684,#2685));
#262=EDGE_LOOP('',(#2686,#2687,#2688,#2689));
#263=EDGE_LOOP('',(#2690,#2691,#2692,#2693));
#264=EDGE_LOOP('',(#2694,#2695,#2696,#2697,#2698,#2699,#2700,#2701,#2702,
#2703,#2704,#2705,#2706,#2707,#2708,#2709,#2710,#2711,#2712,#2713));
#265=EDGE_LOOP('',(#2714,#2715,#2716,#2717));
#266=EDGE_LOOP('',(#2718,#2719,#2720,#2721));
#267=EDGE_LOOP('',(#2722,#2723,#2724,#2725));
#268=EDGE_LOOP('',(#2726,#2727,#2728,#2729));
#269=EDGE_LOOP('',(#2730,#2731,#2732,#2733));
#270=EDGE_LOOP('',(#2734,#2735,#2736,#2737));
#271=EDGE_LOOP('',(#2738,#2739,#2740,#2741));
#272=EDGE_LOOP('',(#2742,#2743,#2744,#2745));
#273=EDGE_LOOP('',(#2746,#2747,#2748,#2749));
#274=EDGE_LOOP('',(#2750,#2751,#2752,#2753));
#275=EDGE_LOOP('',(#2754,#2755,#2756,#2757));
#276=EDGE_LOOP('',(#2758,#2759,#2760,#2761));
#277=EDGE_LOOP('',(#2762,#2763,#2764,#2765));
#278=EDGE_LOOP('',(#2766,#2767,#2768,#2769));
#279=EDGE_LOOP('',(#2770,#2771,#2772,#2773));
#280=EDGE_LOOP('',(#2774,#2775,#2776,#2777));
#281=EDGE_LOOP('',(#2778,#2779,#2780,#2781));
#282=EDGE_LOOP('',(#2782,#2783,#2784,#2785));
#283=EDGE_LOOP('',(#2786,#2787,#2788,#2789));
#284=EDGE_LOOP('',(#2790,#2791,#2792,#2793));
#285=EDGE_LOOP('',(#2794,#2795,#2796,#2797,#2798,#2799,#2800,#2801,#2802,
#2803,#2804,#2805,#2806,#2807,#2808,#2809,#2810,#2811,#2812,#2813));
#286=EDGE_LOOP('',(#2814,#2815,#2816,#2817));
#287=EDGE_LOOP('',(#2818,#2819,#2820,#2821));
#288=EDGE_LOOP('',(#2822,#2823,#2824,#2825));
#289=EDGE_LOOP('',(#2826,#2827,#2828,#2829));
#290=EDGE_LOOP('',(#2830,#2831,#2832,#2833));
#291=EDGE_LOOP('',(#2834,#2835,#2836,#2837));
#292=EDGE_LOOP('',(#2838,#2839,#2840,#2841));
#293=EDGE_LOOP('',(#2842,#2843,#2844,#2845));
#294=EDGE_LOOP('',(#2846,#2847,#2848,#2849));
#295=EDGE_LOOP('',(#2850,#2851,#2852,#2853));
#296=EDGE_LOOP('',(#2854,#2855,#2856,#2857));
#297=EDGE_LOOP('',(#2858,#2859,#2860,#2861));
#298=EDGE_LOOP('',(#2862,#2863,#2864,#2865));
#299=EDGE_LOOP('',(#2866,#2867,#2868,#2869));
#300=EDGE_LOOP('',(#2870,#2871,#2872,#2873));
#301=EDGE_LOOP('',(#2874,#2875,#2876,#2877));
#302=EDGE_LOOP('',(#2878,#2879,#2880,#2881));
#303=EDGE_LOOP('',(#2882,#2883,#2884,#2885));
#304=EDGE_LOOP('',(#2886,#2887,#2888,#2889));
#305=EDGE_LOOP('',(#2890,#2891,#2892,#2893));
#306=EDGE_LOOP('',(#2894,#2895,#2896,#2897,#2898,#2899,#2900,#2901,#2902,
#2903,#2904,#2905,#2906,#2907,#2908,#2909,#2910,#2911,#2912,#2913));
#307=EDGE_LOOP('',(#2914,#2915,#2916,#2917));
#308=EDGE_LOOP('',(#2918,#2919,#2920,#2921));
#309=EDGE_LOOP('',(#2922,#2923,#2924,#2925));
#310=EDGE_LOOP('',(#2926,#2927,#2928,#2929));
#311=EDGE_LOOP('',(#2930,#2931,#2932,#2933));
#312=EDGE_LOOP('',(#2934,#2935,#2936,#2937));
#313=EDGE_LOOP('',(#2938,#2939,#2940,#2941));
#314=EDGE_LOOP('',(#2942,#2943,#2944,#2945));
#315=EDGE_LOOP('',(#2946,#2947,#2948,#2949));
#316=EDGE_LOOP('',(#2950,#2951,#2952,#2953));
#317=EDGE_LOOP('',(#2954,#2955,#2956,#2957));
#318=EDGE_LOOP('',(#2958,#2959,#2960,#2961));
#319=EDGE_LOOP('',(#2962,#2963,#2964,#2965));
#320=EDGE_LOOP('',(#2966,#2967,#2968,#2969));
#321=EDGE_LOOP('',(#2970,#2971,#2972,#2973));
#322=EDGE_LOOP('',(#2974,#2975,#2976,#2977));
#323=EDGE_LOOP('',(#2978,#2979,#2980,#2981));
#324=EDGE_LOOP('',(#2982,#2983,#2984,#2985));
#325=EDGE_LOOP('',(#2986,#2987,#2988,#2989));
#326=EDGE_LOOP('',(#2990,#2991,#2992,#2993));
#327=EDGE_LOOP('',(#2994,#2995,#2996,#2997,#2998,#2999,#3000,#3001,#3002,
#3003,#3004,#3005,#3006,#3007,#3008,#3009,#3010,#3011,#3012,#3013));
#328=EDGE_LOOP('',(#3014));
#329=EDGE_LOOP('',(#3015,#3016,#3017,#3018,#3019,#3020,#3021,#3022,#3023,
#3024,#3025,#3026,#3027,#3028,#3029,#3030,#3031,#3032,#3033,#3034));
#330=EDGE_LOOP('',(#3035));
#331=EDGE_LOOP('',(#3036,#3037,#3038,#3039,#3040,#3041,#3042,#3043,#3044,
#3045,#3046,#3047,#3048,#3049,#3050,#3051,#3052,#3053,#3054,#3055));
#332=EDGE_LOOP('',(#3056));
#333=EDGE_LOOP('',(#3057,#3058,#3059,#3060,#3061,#3062,#3063,#3064,#3065,
#3066,#3067,#3068,#3069,#3070,#3071,#3072,#3073,#3074,#3075,#3076));
#334=EDGE_LOOP('',(#3077));
#335=EDGE_LOOP('',(#3078,#3079,#3080,#3081,#3082,#3083,#3084,#3085,#3086,
#3087,#3088,#3089,#3090,#3091,#3092,#3093,#3094,#3095,#3096,#3097));
#336=EDGE_LOOP('',(#3098,#3099,#3100,#3101));
#337=EDGE_LOOP('',(#3102,#3103,#3104,#3105));
#338=EDGE_LOOP('',(#3106,#3107,#3108,#3109));
#339=EDGE_LOOP('',(#3110,#3111,#3112,#3113));
#340=EDGE_LOOP('',(#3114,#3115,#3116,#3117));
#341=EDGE_LOOP('',(#3118,#3119,#3120,#3121));
#342=EDGE_LOOP('',(#3122,#3123,#3124,#3125));
#343=EDGE_LOOP('',(#3126,#3127,#3128,#3129));
#344=EDGE_LOOP('',(#3130,#3131,#3132,#3133));
#345=EDGE_LOOP('',(#3134,#3135,#3136,#3137));
#346=EDGE_LOOP('',(#3138,#3139,#3140,#3141));
#347=EDGE_LOOP('',(#3142,#3143,#3144,#3145));
#348=EDGE_LOOP('',(#3146,#3147,#3148,#3149));
#349=EDGE_LOOP('',(#3150,#3151,#3152,#3153));
#350=EDGE_LOOP('',(#3154,#3155,#3156,#3157));
#351=EDGE_LOOP('',(#3158,#3159,#3160,#3161));
#352=EDGE_LOOP('',(#3162,#3163,#3164,#3165));
#353=EDGE_LOOP('',(#3166,#3167,#3168,#3169));
#354=EDGE_LOOP('',(#3170,#3171,#3172,#3173));
#355=EDGE_LOOP('',(#3174,#3175,#3176,#3177));
#356=EDGE_LOOP('',(#3178,#3179,#3180,#3181));
#357=EDGE_LOOP('',(#3182,#3183,#3184,#3185));
#358=EDGE_LOOP('',(#3186,#3187,#3188,#3189));
#359=EDGE_LOOP('',(#3190,#3191,#3192,#3193));
#360=EDGE_LOOP('',(#3194,#3195,#3196,#3197));
#361=EDGE_LOOP('',(#3198,#3199,#3200,#3201));
#362=EDGE_LOOP('',(#3202,#3203,#3204,#3205));
#363=EDGE_LOOP('',(#3206,#3207,#3208,#3209));
#364=EDGE_LOOP('',(#3210,#3211,#3212,#3213));
#365=EDGE_LOOP('',(#3214,#3215,#3216,#3217));
#366=EDGE_LOOP('',(#3218,#3219,#3220,#3221));
#367=EDGE_LOOP('',(#3222,#3223,#3224,#3225));
#368=EDGE_LOOP('',(#3226,#3227,#3228,#3229));
#369=EDGE_LOOP('',(#3230,#3231,#3232,#3233));
#370=EDGE_LOOP('',(#3234,#3235,#3236,#3237));
#371=EDGE_LOOP('',(#3238,#3239,#3240,#3241));
#372=EDGE_LOOP('',(#3242,#3243,#3244,#3245));
#373=EDGE_LOOP('',(#3246,#3247,#3248,#3249));
#374=EDGE_LOOP('',(#3250,#3251,#3252,#3253));
#375=EDGE_LOOP('',(#3254,#3255,#3256,#3257));
#376=EDGE_LOOP('',(#3258,#3259,#3260,#3261));
#377=EDGE_LOOP('',(#3262,#3263,#3264,#3265));
#378=EDGE_LOOP('',(#3266,#3267,#3268,#3269));
#379=EDGE_LOOP('',(#3270,#3271,#3272,#3273));
#380=EDGE_LOOP('',(#3274,#3275,#3276,#3277));
#381=EDGE_LOOP('',(#3278,#3279,#3280,#3281));
#382=EDGE_LOOP('',(#3282,#3283,#3284,#3285));
#383=EDGE_LOOP('',(#3286,#3287,#3288,#3289));
#384=EDGE_LOOP('',(#3290,#3291,#3292,#3293));
#385=EDGE_LOOP('',(#3294,#3295,#3296,#3297));
#386=EDGE_LOOP('',(#3298,#3299,#3300,#3301));
#387=EDGE_LOOP('',(#3302,#3303,#3304,#3305));
#388=EDGE_LOOP('',(#3306,#3307,#3308,#3309));
#389=EDGE_LOOP('',(#3310,#3311,#3312,#3313));
#390=EDGE_LOOP('',(#3314,#3315,#3316,#3317));
#391=EDGE_LOOP('',(#3318,#3319,#3320,#3321));
#392=EDGE_LOOP('',(#3322,#3323,#3324,#3325));
#393=EDGE_LOOP('',(#3326,#3327,#3328,#3329));
#394=EDGE_LOOP('',(#3330,#3331,#3332,#3333));
#395=EDGE_LOOP('',(#3334,#3335,#3336,#3337,#3338,#3339,#3340,#3341));
#396=EDGE_LOOP('',(#3342,#3343,#3344,#3345));
#397=EDGE_LOOP('',(#3346,#3347,#3348,#3349));
#398=EDGE_LOOP('',(#3350,#3351,#3352,#3353));
#399=EDGE_LOOP('',(#3354,#3355,#3356,#3357));
#400=EDGE_LOOP('',(#3358,#3359,#3360,#3361));
#401=EDGE_LOOP('',(#3362,#3363,#3364,#3365));
#402=EDGE_LOOP('',(#3366,#3367,#3368,#3369));
#403=EDGE_LOOP('',(#3370,#3371,#3372,#3373));
#404=EDGE_LOOP('',(#3374,#3375,#3376,#3377));
#405=EDGE_LOOP('',(#3378,#3379,#3380,#3381));
#406=EDGE_LOOP('',(#3382,#3383,#3384,#3385));
#407=EDGE_LOOP('',(#3386,#3387,#3388,#3389));
#408=EDGE_LOOP('',(#3390,#3391,#3392,#3393));
#409=EDGE_LOOP('',(#3394,#3395,#3396,#3397));
#410=EDGE_LOOP('',(#3398,#3399,#3400,#3401));
#411=EDGE_LOOP('',(#3402,#3403,#3404,#3405));
#412=EDGE_LOOP('',(#3406,#3407,#3408,#3409));
#413=EDGE_LOOP('',(#3410,#3411,#3412,#3413));
#414=EDGE_LOOP('',(#3414,#3415,#3416,#3417));
#415=EDGE_LOOP('',(#3418,#3419,#3420,#3421));
#416=EDGE_LOOP('',(#3422,#3423,#3424,#3425));
#417=EDGE_LOOP('',(#3426,#3427,#3428,#3429));
#418=EDGE_LOOP('',(#3430,#3431,#3432,#3433));
#419=EDGE_LOOP('',(#3434,#3435,#3436,#3437));
#420=EDGE_LOOP('',(#3438,#3439,#3440,#3441));
#421=EDGE_LOOP('',(#3442,#3443,#3444,#3445));
#422=EDGE_LOOP('',(#3446,#3447,#3448,#3449));
#423=EDGE_LOOP('',(#3450,#3451,#3452,#3453));
#424=EDGE_LOOP('',(#3454,#3455,#3456,#3457));
#425=EDGE_LOOP('',(#3458,#3459,#3460,#3461));
#426=EDGE_LOOP('',(#3462,#3463,#3464,#3465));
#427=EDGE_LOOP('',(#3466,#3467,#3468,#3469));
#428=EDGE_LOOP('',(#3470,#3471,#3472,#3473));
#429=EDGE_LOOP('',(#3474,#3475,#3476,#3477));
#430=EDGE_LOOP('',(#3478,#3479,#3480,#3481));
#431=EDGE_LOOP('',(#3482,#3483,#3484,#3485));
#432=EDGE_LOOP('',(#3486,#3487,#3488,#3489));
#433=EDGE_LOOP('',(#3490,#3491,#3492));
#434=EDGE_LOOP('',(#3493,#3494,#3495));
#435=LINE('',#5037,#970);
#436=LINE('',#5039,#971);
#437=LINE('',#5041,#972);
#438=LINE('',#5042,#973);
#439=LINE('',#5045,#974);
#440=LINE('',#5047,#975);
#441=LINE('',#5049,#976);
#442=LINE('',#5051,#977);
#443=LINE('',#5052,#978);
#444=LINE('',#5055,#979);
#445=LINE('',#5057,#980);
#446=LINE('',#5058,#981);
#447=LINE('',#5061,#982);
#448=LINE('',#5062,#983);
#449=LINE('',#5064,#984);
#450=LINE('',#5065,#985);
#451=LINE('',#5067,#986);
#452=LINE('',#5070,#987);
#453=LINE('',#5072,#988);
#454=LINE('',#5074,#989);
#455=LINE('',#5076,#990);
#456=LINE('',#5078,#991);
#457=LINE('',#5080,#992);
#458=LINE('',#5082,#993);
#459=LINE('',#5084,#994);
#460=LINE('',#5086,#995);
#461=LINE('',#5088,#996);
#462=LINE('',#5090,#997);
#463=LINE('',#5092,#998);
#464=LINE('',#5094,#999);
#465=LINE('',#5096,#1000);
#466=LINE('',#5098,#1001);
#467=LINE('',#5100,#1002);
#468=LINE('',#5102,#1003);
#469=LINE('',#5104,#1004);
#470=LINE('',#5106,#1005);
#471=LINE('',#5108,#1006);
#472=LINE('',#5110,#1007);
#473=LINE('',#5112,#1008);
#474=LINE('',#5114,#1009);
#475=LINE('',#5116,#1010);
#476=LINE('',#5118,#1011);
#477=LINE('',#5120,#1012);
#478=LINE('',#5122,#1013);
#479=LINE('',#5124,#1014);
#480=LINE('',#5126,#1015);
#481=LINE('',#5128,#1016);
#482=LINE('',#5130,#1017);
#483=LINE('',#5132,#1018);
#484=LINE('',#5134,#1019);
#485=LINE('',#5136,#1020);
#486=LINE('',#5138,#1021);
#487=LINE('',#5140,#1022);
#488=LINE('',#5142,#1023);
#489=LINE('',#5144,#1024);
#490=LINE('',#5146,#1025);
#491=LINE('',#5148,#1026);
#492=LINE('',#5150,#1027);
#493=LINE('',#5152,#1028);
#494=LINE('',#5154,#1029);
#495=LINE('',#5156,#1030);
#496=LINE('',#5158,#1031);
#497=LINE('',#5160,#1032);
#498=LINE('',#5162,#1033);
#499=LINE('',#5164,#1034);
#500=LINE('',#5166,#1035);
#501=LINE('',#5168,#1036);
#502=LINE('',#5170,#1037);
#503=LINE('',#5172,#1038);
#504=LINE('',#5174,#1039);
#505=LINE('',#5176,#1040);
#506=LINE('',#5178,#1041);
#507=LINE('',#5180,#1042);
#508=LINE('',#5182,#1043);
#509=LINE('',#5184,#1044);
#510=LINE('',#5186,#1045);
#511=LINE('',#5188,#1046);
#512=LINE('',#5190,#1047);
#513=LINE('',#5192,#1048);
#514=LINE('',#5194,#1049);
#515=LINE('',#5196,#1050);
#516=LINE('',#5198,#1051);
#517=LINE('',#5200,#1052);
#518=LINE('',#5202,#1053);
#519=LINE('',#5204,#1054);
#520=LINE('',#5206,#1055);
#521=LINE('',#5208,#1056);
#522=LINE('',#5210,#1057);
#523=LINE('',#5212,#1058);
#524=LINE('',#5214,#1059);
#525=LINE('',#5216,#1060);
#526=LINE('',#5218,#1061);
#527=LINE('',#5220,#1062);
#528=LINE('',#5222,#1063);
#529=LINE('',#5224,#1064);
#530=LINE('',#5226,#1065);
#531=LINE('',#5228,#1066);
#532=LINE('',#5230,#1067);
#533=LINE('',#5232,#1068);
#534=LINE('',#5234,#1069);
#535=LINE('',#5236,#1070);
#536=LINE('',#5237,#1071);
#537=LINE('',#5249,#1072);
#538=LINE('',#5251,#1073);
#539=LINE('',#5253,#1074);
#540=LINE('',#5254,#1075);
#541=LINE('',#5257,#1076);
#542=LINE('',#5259,#1077);
#543=LINE('',#5261,#1078);
#544=LINE('',#5263,#1079);
#545=LINE('',#5265,#1080);
#546=LINE('',#5267,#1081);
#547=LINE('',#5269,#1082);
#548=LINE('',#5271,#1083);
#549=LINE('',#5273,#1084);
#550=LINE('',#5275,#1085);
#551=LINE('',#5277,#1086);
#552=LINE('',#5279,#1087);
#553=LINE('',#5281,#1088);
#554=LINE('',#5283,#1089);
#555=LINE('',#5285,#1090);
#556=LINE('',#5287,#1091);
#557=LINE('',#5289,#1092);
#558=LINE('',#5291,#1093);
#559=LINE('',#5293,#1094);
#560=LINE('',#5295,#1095);
#561=LINE('',#5297,#1096);
#562=LINE('',#5299,#1097);
#563=LINE('',#5301,#1098);
#564=LINE('',#5303,#1099);
#565=LINE('',#5305,#1100);
#566=LINE('',#5307,#1101);
#567=LINE('',#5309,#1102);
#568=LINE('',#5311,#1103);
#569=LINE('',#5313,#1104);
#570=LINE('',#5315,#1105);
#571=LINE('',#5317,#1106);
#572=LINE('',#5319,#1107);
#573=LINE('',#5321,#1108);
#574=LINE('',#5323,#1109);
#575=LINE('',#5325,#1110);
#576=LINE('',#5327,#1111);
#577=LINE('',#5329,#1112);
#578=LINE('',#5331,#1113);
#579=LINE('',#5333,#1114);
#580=LINE('',#5335,#1115);
#581=LINE('',#5337,#1116);
#582=LINE('',#5339,#1117);
#583=LINE('',#5341,#1118);
#584=LINE('',#5343,#1119);
#585=LINE('',#5345,#1120);
#586=LINE('',#5347,#1121);
#587=LINE('',#5349,#1122);
#588=LINE('',#5351,#1123);
#589=LINE('',#5353,#1124);
#590=LINE('',#5355,#1125);
#591=LINE('',#5357,#1126);
#592=LINE('',#5359,#1127);
#593=LINE('',#5361,#1128);
#594=LINE('',#5363,#1129);
#595=LINE('',#5365,#1130);
#596=LINE('',#5367,#1131);
#597=LINE('',#5369,#1132);
#598=LINE('',#5371,#1133);
#599=LINE('',#5373,#1134);
#600=LINE('',#5375,#1135);
#601=LINE('',#5377,#1136);
#602=LINE('',#5379,#1137);
#603=LINE('',#5381,#1138);
#604=LINE('',#5383,#1139);
#605=LINE('',#5385,#1140);
#606=LINE('',#5387,#1141);
#607=LINE('',#5389,#1142);
#608=LINE('',#5391,#1143);
#609=LINE('',#5393,#1144);
#610=LINE('',#5395,#1145);
#611=LINE('',#5397,#1146);
#612=LINE('',#5399,#1147);
#613=LINE('',#5401,#1148);
#614=LINE('',#5403,#1149);
#615=LINE('',#5405,#1150);
#616=LINE('',#5407,#1151);
#617=LINE('',#5409,#1152);
#618=LINE('',#5411,#1153);
#619=LINE('',#5413,#1154);
#620=LINE('',#5415,#1155);
#621=LINE('',#5417,#1156);
#622=LINE('',#5419,#1157);
#623=LINE('',#5421,#1158);
#624=LINE('',#5422,#1159);
#625=LINE('',#5426,#1160);
#626=LINE('',#5428,#1161);
#627=LINE('',#5430,#1162);
#628=LINE('',#5431,#1163);
#629=LINE('',#5434,#1164);
#630=LINE('',#5436,#1165);
#631=LINE('',#5437,#1166);
#632=LINE('',#5440,#1167);
#633=LINE('',#5442,#1168);
#634=LINE('',#5443,#1169);
#635=LINE('',#5446,#1170);
#636=LINE('',#5448,#1171);
#637=LINE('',#5449,#1172);
#638=LINE('',#5452,#1173);
#639=LINE('',#5454,#1174);
#640=LINE('',#5455,#1175);
#641=LINE('',#5458,#1176);
#642=LINE('',#5460,#1177);
#643=LINE('',#5461,#1178);
#644=LINE('',#5464,#1179);
#645=LINE('',#5466,#1180);
#646=LINE('',#5467,#1181);
#647=LINE('',#5470,#1182);
#648=LINE('',#5472,#1183);
#649=LINE('',#5473,#1184);
#650=LINE('',#5476,#1185);
#651=LINE('',#5478,#1186);
#652=LINE('',#5479,#1187);
#653=LINE('',#5482,#1188);
#654=LINE('',#5484,#1189);
#655=LINE('',#5485,#1190);
#656=LINE('',#5488,#1191);
#657=LINE('',#5490,#1192);
#658=LINE('',#5491,#1193);
#659=LINE('',#5494,#1194);
#660=LINE('',#5496,#1195);
#661=LINE('',#5497,#1196);
#662=LINE('',#5500,#1197);
#663=LINE('',#5502,#1198);
#664=LINE('',#5503,#1199);
#665=LINE('',#5506,#1200);
#666=LINE('',#5508,#1201);
#667=LINE('',#5509,#1202);
#668=LINE('',#5512,#1203);
#669=LINE('',#5514,#1204);
#670=LINE('',#5515,#1205);
#671=LINE('',#5518,#1206);
#672=LINE('',#5520,#1207);
#673=LINE('',#5521,#1208);
#674=LINE('',#5524,#1209);
#675=LINE('',#5526,#1210);
#676=LINE('',#5527,#1211);
#677=LINE('',#5530,#1212);
#678=LINE('',#5532,#1213);
#679=LINE('',#5533,#1214);
#680=LINE('',#5536,#1215);
#681=LINE('',#5538,#1216);
#682=LINE('',#5539,#1217);
#683=LINE('',#5541,#1218);
#684=LINE('',#5542,#1219);
#685=LINE('',#5547,#1220);
#686=LINE('',#5549,#1221);
#687=LINE('',#5551,#1222);
#688=LINE('',#5552,#1223);
#689=LINE('',#5555,#1224);
#690=LINE('',#5557,#1225);
#691=LINE('',#5558,#1226);
#692=LINE('',#5561,#1227);
#693=LINE('',#5563,#1228);
#694=LINE('',#5564,#1229);
#695=LINE('',#5567,#1230);
#696=LINE('',#5569,#1231);
#697=LINE('',#5570,#1232);
#698=LINE('',#5573,#1233);
#699=LINE('',#5575,#1234);
#700=LINE('',#5576,#1235);
#701=LINE('',#5579,#1236);
#702=LINE('',#5581,#1237);
#703=LINE('',#5582,#1238);
#704=LINE('',#5585,#1239);
#705=LINE('',#5587,#1240);
#706=LINE('',#5588,#1241);
#707=LINE('',#5591,#1242);
#708=LINE('',#5593,#1243);
#709=LINE('',#5594,#1244);
#710=LINE('',#5597,#1245);
#711=LINE('',#5599,#1246);
#712=LINE('',#5600,#1247);
#713=LINE('',#5603,#1248);
#714=LINE('',#5605,#1249);
#715=LINE('',#5606,#1250);
#716=LINE('',#5609,#1251);
#717=LINE('',#5611,#1252);
#718=LINE('',#5612,#1253);
#719=LINE('',#5615,#1254);
#720=LINE('',#5617,#1255);
#721=LINE('',#5618,#1256);
#722=LINE('',#5621,#1257);
#723=LINE('',#5623,#1258);
#724=LINE('',#5624,#1259);
#725=LINE('',#5627,#1260);
#726=LINE('',#5629,#1261);
#727=LINE('',#5630,#1262);
#728=LINE('',#5633,#1263);
#729=LINE('',#5635,#1264);
#730=LINE('',#5636,#1265);
#731=LINE('',#5639,#1266);
#732=LINE('',#5641,#1267);
#733=LINE('',#5642,#1268);
#734=LINE('',#5645,#1269);
#735=LINE('',#5647,#1270);
#736=LINE('',#5648,#1271);
#737=LINE('',#5651,#1272);
#738=LINE('',#5653,#1273);
#739=LINE('',#5654,#1274);
#740=LINE('',#5657,#1275);
#741=LINE('',#5659,#1276);
#742=LINE('',#5660,#1277);
#743=LINE('',#5662,#1278);
#744=LINE('',#5663,#1279);
#745=LINE('',#5668,#1280);
#746=LINE('',#5670,#1281);
#747=LINE('',#5672,#1282);
#748=LINE('',#5673,#1283);
#749=LINE('',#5676,#1284);
#750=LINE('',#5678,#1285);
#751=LINE('',#5679,#1286);
#752=LINE('',#5682,#1287);
#753=LINE('',#5684,#1288);
#754=LINE('',#5685,#1289);
#755=LINE('',#5688,#1290);
#756=LINE('',#5690,#1291);
#757=LINE('',#5691,#1292);
#758=LINE('',#5694,#1293);
#759=LINE('',#5696,#1294);
#760=LINE('',#5697,#1295);
#761=LINE('',#5700,#1296);
#762=LINE('',#5702,#1297);
#763=LINE('',#5703,#1298);
#764=LINE('',#5706,#1299);
#765=LINE('',#5708,#1300);
#766=LINE('',#5709,#1301);
#767=LINE('',#5712,#1302);
#768=LINE('',#5714,#1303);
#769=LINE('',#5715,#1304);
#770=LINE('',#5718,#1305);
#771=LINE('',#5720,#1306);
#772=LINE('',#5721,#1307);
#773=LINE('',#5724,#1308);
#774=LINE('',#5726,#1309);
#775=LINE('',#5727,#1310);
#776=LINE('',#5730,#1311);
#777=LINE('',#5732,#1312);
#778=LINE('',#5733,#1313);
#779=LINE('',#5736,#1314);
#780=LINE('',#5738,#1315);
#781=LINE('',#5739,#1316);
#782=LINE('',#5742,#1317);
#783=LINE('',#5744,#1318);
#784=LINE('',#5745,#1319);
#785=LINE('',#5748,#1320);
#786=LINE('',#5750,#1321);
#787=LINE('',#5751,#1322);
#788=LINE('',#5754,#1323);
#789=LINE('',#5756,#1324);
#790=LINE('',#5757,#1325);
#791=LINE('',#5760,#1326);
#792=LINE('',#5762,#1327);
#793=LINE('',#5763,#1328);
#794=LINE('',#5766,#1329);
#795=LINE('',#5768,#1330);
#796=LINE('',#5769,#1331);
#797=LINE('',#5772,#1332);
#798=LINE('',#5774,#1333);
#799=LINE('',#5775,#1334);
#800=LINE('',#5778,#1335);
#801=LINE('',#5780,#1336);
#802=LINE('',#5781,#1337);
#803=LINE('',#5783,#1338);
#804=LINE('',#5784,#1339);
#805=LINE('',#5789,#1340);
#806=LINE('',#5791,#1341);
#807=LINE('',#5793,#1342);
#808=LINE('',#5794,#1343);
#809=LINE('',#5797,#1344);
#810=LINE('',#5799,#1345);
#811=LINE('',#5800,#1346);
#812=LINE('',#5803,#1347);
#813=LINE('',#5805,#1348);
#814=LINE('',#5806,#1349);
#815=LINE('',#5809,#1350);
#816=LINE('',#5811,#1351);
#817=LINE('',#5812,#1352);
#818=LINE('',#5815,#1353);
#819=LINE('',#5817,#1354);
#820=LINE('',#5818,#1355);
#821=LINE('',#5821,#1356);
#822=LINE('',#5823,#1357);
#823=LINE('',#5824,#1358);
#824=LINE('',#5827,#1359);
#825=LINE('',#5829,#1360);
#826=LINE('',#5830,#1361);
#827=LINE('',#5833,#1362);
#828=LINE('',#5835,#1363);
#829=LINE('',#5836,#1364);
#830=LINE('',#5839,#1365);
#831=LINE('',#5841,#1366);
#832=LINE('',#5842,#1367);
#833=LINE('',#5845,#1368);
#834=LINE('',#5847,#1369);
#835=LINE('',#5848,#1370);
#836=LINE('',#5851,#1371);
#837=LINE('',#5853,#1372);
#838=LINE('',#5854,#1373);
#839=LINE('',#5857,#1374);
#840=LINE('',#5859,#1375);
#841=LINE('',#5860,#1376);
#842=LINE('',#5863,#1377);
#843=LINE('',#5865,#1378);
#844=LINE('',#5866,#1379);
#845=LINE('',#5869,#1380);
#846=LINE('',#5871,#1381);
#847=LINE('',#5872,#1382);
#848=LINE('',#5875,#1383);
#849=LINE('',#5877,#1384);
#850=LINE('',#5878,#1385);
#851=LINE('',#5881,#1386);
#852=LINE('',#5883,#1387);
#853=LINE('',#5884,#1388);
#854=LINE('',#5887,#1389);
#855=LINE('',#5889,#1390);
#856=LINE('',#5890,#1391);
#857=LINE('',#5893,#1392);
#858=LINE('',#5895,#1393);
#859=LINE('',#5896,#1394);
#860=LINE('',#5899,#1395);
#861=LINE('',#5901,#1396);
#862=LINE('',#5902,#1397);
#863=LINE('',#5904,#1398);
#864=LINE('',#5905,#1399);
#865=LINE('',#5920,#1400);
#866=LINE('',#5922,#1401);
#867=LINE('',#5924,#1402);
#868=LINE('',#5926,#1403);
#869=LINE('',#5928,#1404);
#870=LINE('',#5929,#1405);
#871=LINE('',#5931,#1406);
#872=LINE('',#5933,#1407);
#873=LINE('',#5935,#1408);
#874=LINE('',#5937,#1409);
#875=LINE('',#5939,#1410);
#876=LINE('',#5941,#1411);
#877=LINE('',#5943,#1412);
#878=LINE('',#5945,#1413);
#879=LINE('',#5947,#1414);
#880=LINE('',#5949,#1415);
#881=LINE('',#5951,#1416);
#882=LINE('',#5953,#1417);
#883=LINE('',#5955,#1418);
#884=LINE('',#5957,#1419);
#885=LINE('',#5959,#1420);
#886=LINE('',#5961,#1421);
#887=LINE('',#5963,#1422);
#888=LINE('',#5965,#1423);
#889=LINE('',#5967,#1424);
#890=LINE('',#5969,#1425);
#891=LINE('',#5971,#1426);
#892=LINE('',#5973,#1427);
#893=LINE('',#5975,#1428);
#894=LINE('',#5977,#1429);
#895=LINE('',#5979,#1430);
#896=LINE('',#5981,#1431);
#897=LINE('',#5983,#1432);
#898=LINE('',#5985,#1433);
#899=LINE('',#5987,#1434);
#900=LINE('',#5989,#1435);
#901=LINE('',#5991,#1436);
#902=LINE('',#5993,#1437);
#903=LINE('',#5995,#1438);
#904=LINE('',#5997,#1439);
#905=LINE('',#5999,#1440);
#906=LINE('',#6001,#1441);
#907=LINE('',#6003,#1442);
#908=LINE('',#6005,#1443);
#909=LINE('',#6007,#1444);
#910=LINE('',#6009,#1445);
#911=LINE('',#6011,#1446);
#912=LINE('',#6013,#1447);
#913=LINE('',#6015,#1448);
#914=LINE('',#6017,#1449);
#915=LINE('',#6019,#1450);
#916=LINE('',#6021,#1451);
#917=LINE('',#6023,#1452);
#918=LINE('',#6025,#1453);
#919=LINE('',#6027,#1454);
#920=LINE('',#6029,#1455);
#921=LINE('',#6031,#1456);
#922=LINE('',#6033,#1457);
#923=LINE('',#6035,#1458);
#924=LINE('',#6037,#1459);
#925=LINE('',#6039,#1460);
#926=LINE('',#6041,#1461);
#927=LINE('',#6043,#1462);
#928=LINE('',#6045,#1463);
#929=LINE('',#6047,#1464);
#930=LINE('',#6049,#1465);
#931=LINE('',#6051,#1466);
#932=LINE('',#6053,#1467);
#933=LINE('',#6055,#1468);
#934=LINE('',#6057,#1469);
#935=LINE('',#6059,#1470);
#936=LINE('',#6061,#1471);
#937=LINE('',#6063,#1472);
#938=LINE('',#6065,#1473);
#939=LINE('',#6067,#1474);
#940=LINE('',#6069,#1475);
#941=LINE('',#6071,#1476);
#942=LINE('',#6073,#1477);
#943=LINE('',#6075,#1478);
#944=LINE('',#6077,#1479);
#945=LINE('',#6079,#1480);
#946=LINE('',#6081,#1481);
#947=LINE('',#6083,#1482);
#948=LINE('',#6085,#1483);
#949=LINE('',#6087,#1484);
#950=LINE('',#6089,#1485);
#951=LINE('',#6091,#1486);
#952=LINE('',#6093,#1487);
#953=LINE('',#6097,#1488);
#954=LINE('',#6099,#1489);
#955=LINE('',#6100,#1490);
#956=LINE('',#6103,#1491);
#957=LINE('',#6104,#1492);
#958=LINE('',#6107,#1493);
#959=LINE('',#6108,#1494);
#960=LINE('',#6110,#1495);
#961=LINE('',#6115,#1496);
#962=LINE('',#6117,#1497);
#963=LINE('',#6119,#1498);
#964=LINE('',#6120,#1499);
#965=LINE('',#6123,#1500);
#966=LINE('',#6125,#1501);
#967=LINE('',#6126,#1502);
#968=LINE('',#6128,#1503);
#969=LINE('',#6129,#1504);
#970=VECTOR('',#4098,10.);
#971=VECTOR('',#4099,10.);
#972=VECTOR('',#4100,10.);
#973=VECTOR('',#4101,10.);
#974=VECTOR('',#4104,10.);
#975=VECTOR('',#4105,10.);
#976=VECTOR('',#4106,10.);
#977=VECTOR('',#4107,10.);
#978=VECTOR('',#4108,10.);
#979=VECTOR('',#4111,10.);
#980=VECTOR('',#4112,10.);
#981=VECTOR('',#4113,10.);
#982=VECTOR('',#4116,10.);
#983=VECTOR('',#4117,10.);
#984=VECTOR('',#4118,10.);
#985=VECTOR('',#4119,10.);
#986=VECTOR('',#4122,10.);
#987=VECTOR('',#4125,10.);
#988=VECTOR('',#4126,10.);
#989=VECTOR('',#4127,10.);
#990=VECTOR('',#4128,10.);
#991=VECTOR('',#4129,10.);
#992=VECTOR('',#4130,10.);
#993=VECTOR('',#4131,10.);
#994=VECTOR('',#4132,10.);
#995=VECTOR('',#4133,10.);
#996=VECTOR('',#4134,10.);
#997=VECTOR('',#4135,10.);
#998=VECTOR('',#4136,10.);
#999=VECTOR('',#4137,10.);
#1000=VECTOR('',#4138,10.);
#1001=VECTOR('',#4139,10.);
#1002=VECTOR('',#4140,10.);
#1003=VECTOR('',#4141,10.);
#1004=VECTOR('',#4142,10.);
#1005=VECTOR('',#4143,10.);
#1006=VECTOR('',#4144,10.);
#1007=VECTOR('',#4145,10.);
#1008=VECTOR('',#4146,10.);
#1009=VECTOR('',#4147,10.);
#1010=VECTOR('',#4148,10.);
#1011=VECTOR('',#4149,9.99999999999999);
#1012=VECTOR('',#4150,10.);
#1013=VECTOR('',#4151,10.);
#1014=VECTOR('',#4152,10.);
#1015=VECTOR('',#4153,10.);
#1016=VECTOR('',#4154,10.);
#1017=VECTOR('',#4155,10.);
#1018=VECTOR('',#4156,10.);
#1019=VECTOR('',#4157,10.);
#1020=VECTOR('',#4158,10.);
#1021=VECTOR('',#4159,10.);
#1022=VECTOR('',#4160,10.);
#1023=VECTOR('',#4161,10.);
#1024=VECTOR('',#4162,10.);
#1025=VECTOR('',#4163,10.);
#1026=VECTOR('',#4164,10.);
#1027=VECTOR('',#4165,10.);
#1028=VECTOR('',#4166,10.);
#1029=VECTOR('',#4167,10.);
#1030=VECTOR('',#4168,10.);
#1031=VECTOR('',#4169,10.);
#1032=VECTOR('',#4170,10.);
#1033=VECTOR('',#4171,10.);
#1034=VECTOR('',#4172,10.);
#1035=VECTOR('',#4173,10.);
#1036=VECTOR('',#4174,10.);
#1037=VECTOR('',#4175,10.);
#1038=VECTOR('',#4176,9.99999999999999);
#1039=VECTOR('',#4177,10.);
#1040=VECTOR('',#4178,10.);
#1041=VECTOR('',#4179,10.);
#1042=VECTOR('',#4180,10.);
#1043=VECTOR('',#4181,10.);
#1044=VECTOR('',#4182,10.);
#1045=VECTOR('',#4183,10.);
#1046=VECTOR('',#4184,10.);
#1047=VECTOR('',#4185,10.);
#1048=VECTOR('',#4186,10.);
#1049=VECTOR('',#4187,10.);
#1050=VECTOR('',#4188,10.);
#1051=VECTOR('',#4189,10.);
#1052=VECTOR('',#4190,9.99999999999998);
#1053=VECTOR('',#4191,10.);
#1054=VECTOR('',#4192,10.);
#1055=VECTOR('',#4193,10.);
#1056=VECTOR('',#4194,10.);
#1057=VECTOR('',#4195,10.);
#1058=VECTOR('',#4196,10.);
#1059=VECTOR('',#4197,10.);
#1060=VECTOR('',#4198,10.);
#1061=VECTOR('',#4199,10.);
#1062=VECTOR('',#4200,10.);
#1063=VECTOR('',#4201,10.);
#1064=VECTOR('',#4202,10.);
#1065=VECTOR('',#4203,10.);
#1066=VECTOR('',#4204,10.);
#1067=VECTOR('',#4205,10.);
#1068=VECTOR('',#4206,10.);
#1069=VECTOR('',#4207,10.);
#1070=VECTOR('',#4208,9.99999999999998);
#1071=VECTOR('',#4209,10.);
#1072=VECTOR('',#4220,10.);
#1073=VECTOR('',#4221,10.);
#1074=VECTOR('',#4222,10.);
#1075=VECTOR('',#4223,10.);
#1076=VECTOR('',#4224,10.);
#1077=VECTOR('',#4225,10.);
#1078=VECTOR('',#4226,10.);
#1079=VECTOR('',#4227,10.);
#1080=VECTOR('',#4228,10.);
#1081=VECTOR('',#4229,9.99999999999999);
#1082=VECTOR('',#4230,10.);
#1083=VECTOR('',#4231,10.);
#1084=VECTOR('',#4232,10.);
#1085=VECTOR('',#4233,10.);
#1086=VECTOR('',#4234,10.);
#1087=VECTOR('',#4235,10.);
#1088=VECTOR('',#4236,10.);
#1089=VECTOR('',#4237,10.);
#1090=VECTOR('',#4238,10.);
#1091=VECTOR('',#4239,10.);
#1092=VECTOR('',#4240,10.);
#1093=VECTOR('',#4241,10.);
#1094=VECTOR('',#4242,10.);
#1095=VECTOR('',#4243,10.);
#1096=VECTOR('',#4244,10.);
#1097=VECTOR('',#4245,10.);
#1098=VECTOR('',#4246,10.);
#1099=VECTOR('',#4247,10.);
#1100=VECTOR('',#4248,10.);
#1101=VECTOR('',#4249,10.);
#1102=VECTOR('',#4250,10.);
#1103=VECTOR('',#4251,10.);
#1104=VECTOR('',#4252,10.);
#1105=VECTOR('',#4253,10.);
#1106=VECTOR('',#4254,9.99999999999998);
#1107=VECTOR('',#4255,10.);
#1108=VECTOR('',#4256,10.);
#1109=VECTOR('',#4257,10.);
#1110=VECTOR('',#4258,10.);
#1111=VECTOR('',#4259,10.);
#1112=VECTOR('',#4260,10.);
#1113=VECTOR('',#4261,10.);
#1114=VECTOR('',#4262,10.);
#1115=VECTOR('',#4263,10.);
#1116=VECTOR('',#4264,10.);
#1117=VECTOR('',#4265,10.);
#1118=VECTOR('',#4266,10.);
#1119=VECTOR('',#4267,10.);
#1120=VECTOR('',#4268,10.);
#1121=VECTOR('',#4269,10.);
#1122=VECTOR('',#4270,10.);
#1123=VECTOR('',#4271,10.);
#1124=VECTOR('',#4272,9.99999999999998);
#1125=VECTOR('',#4273,10.);
#1126=VECTOR('',#4274,10.);
#1127=VECTOR('',#4275,10.);
#1128=VECTOR('',#4276,10.);
#1129=VECTOR('',#4277,10.);
#1130=VECTOR('',#4278,10.);
#1131=VECTOR('',#4279,10.);
#1132=VECTOR('',#4280,10.);
#1133=VECTOR('',#4281,10.);
#1134=VECTOR('',#4282,10.);
#1135=VECTOR('',#4283,10.);
#1136=VECTOR('',#4284,10.);
#1137=VECTOR('',#4285,10.);
#1138=VECTOR('',#4286,9.99999999999999);
#1139=VECTOR('',#4287,10.);
#1140=VECTOR('',#4288,10.);
#1141=VECTOR('',#4289,10.);
#1142=VECTOR('',#4290,10.);
#1143=VECTOR('',#4291,10.);
#1144=VECTOR('',#4292,10.);
#1145=VECTOR('',#4293,10.);
#1146=VECTOR('',#4294,10.);
#1147=VECTOR('',#4295,10.);
#1148=VECTOR('',#4296,10.);
#1149=VECTOR('',#4297,10.);
#1150=VECTOR('',#4298,10.);
#1151=VECTOR('',#4299,10.);
#1152=VECTOR('',#4300,10.);
#1153=VECTOR('',#4301,10.);
#1154=VECTOR('',#4302,10.);
#1155=VECTOR('',#4303,10.);
#1156=VECTOR('',#4304,10.);
#1157=VECTOR('',#4305,10.);
#1158=VECTOR('',#4306,10.);
#1159=VECTOR('',#4307,10.);
#1160=VECTOR('',#4310,10.);
#1161=VECTOR('',#4311,10.);
#1162=VECTOR('',#4312,10.);
#1163=VECTOR('',#4313,10.);
#1164=VECTOR('',#4316,9.99999999999998);
#1165=VECTOR('',#4317,9.99999999999998);
#1166=VECTOR('',#4318,10.);
#1167=VECTOR('',#4321,10.);
#1168=VECTOR('',#4322,10.);
#1169=VECTOR('',#4323,10.);
#1170=VECTOR('',#4326,10.);
#1171=VECTOR('',#4327,10.);
#1172=VECTOR('',#4328,10.);
#1173=VECTOR('',#4331,10.);
#1174=VECTOR('',#4332,10.);
#1175=VECTOR('',#4333,10.);
#1176=VECTOR('',#4336,10.);
#1177=VECTOR('',#4337,10.);
#1178=VECTOR('',#4338,10.);
#1179=VECTOR('',#4341,9.99999999999998);
#1180=VECTOR('',#4342,9.99999999999998);
#1181=VECTOR('',#4343,10.);
#1182=VECTOR('',#4346,10.);
#1183=VECTOR('',#4347,10.);
#1184=VECTOR('',#4348,10.);
#1185=VECTOR('',#4351,10.);
#1186=VECTOR('',#4352,10.);
#1187=VECTOR('',#4353,10.);
#1188=VECTOR('',#4356,10.);
#1189=VECTOR('',#4357,10.);
#1190=VECTOR('',#4358,10.);
#1191=VECTOR('',#4361,10.);
#1192=VECTOR('',#4362,10.);
#1193=VECTOR('',#4363,10.);
#1194=VECTOR('',#4366,10.);
#1195=VECTOR('',#4367,10.);
#1196=VECTOR('',#4368,10.);
#1197=VECTOR('',#4371,10.);
#1198=VECTOR('',#4372,10.);
#1199=VECTOR('',#4373,10.);
#1200=VECTOR('',#4376,10.);
#1201=VECTOR('',#4377,10.);
#1202=VECTOR('',#4378,10.);
#1203=VECTOR('',#4381,10.);
#1204=VECTOR('',#4382,10.);
#1205=VECTOR('',#4383,10.);
#1206=VECTOR('',#4386,10.);
#1207=VECTOR('',#4387,10.);
#1208=VECTOR('',#4388,10.);
#1209=VECTOR('',#4391,10.);
#1210=VECTOR('',#4392,10.);
#1211=VECTOR('',#4393,10.);
#1212=VECTOR('',#4396,10.);
#1213=VECTOR('',#4397,10.);
#1214=VECTOR('',#4398,10.);
#1215=VECTOR('',#4401,10.);
#1216=VECTOR('',#4402,10.);
#1217=VECTOR('',#4403,10.);
#1218=VECTOR('',#4406,10.);
#1219=VECTOR('',#4407,10.);
#1220=VECTOR('',#4412,10.);
#1221=VECTOR('',#4413,10.);
#1222=VECTOR('',#4414,10.);
#1223=VECTOR('',#4415,10.);
#1224=VECTOR('',#4418,10.);
#1225=VECTOR('',#4419,10.);
#1226=VECTOR('',#4420,10.);
#1227=VECTOR('',#4423,10.);
#1228=VECTOR('',#4424,10.);
#1229=VECTOR('',#4425,10.);
#1230=VECTOR('',#4428,9.99999999999999);
#1231=VECTOR('',#4429,9.99999999999999);
#1232=VECTOR('',#4430,10.);
#1233=VECTOR('',#4433,10.);
#1234=VECTOR('',#4434,10.);
#1235=VECTOR('',#4435,10.);
#1236=VECTOR('',#4438,10.);
#1237=VECTOR('',#4439,10.);
#1238=VECTOR('',#4440,10.);
#1239=VECTOR('',#4443,10.);
#1240=VECTOR('',#4444,10.);
#1241=VECTOR('',#4445,10.);
#1242=VECTOR('',#4448,10.);
#1243=VECTOR('',#4449,10.);
#1244=VECTOR('',#4450,10.);
#1245=VECTOR('',#4453,10.);
#1246=VECTOR('',#4454,10.);
#1247=VECTOR('',#4455,10.);
#1248=VECTOR('',#4458,9.99999999999999);
#1249=VECTOR('',#4459,9.99999999999999);
#1250=VECTOR('',#4460,10.);
#1251=VECTOR('',#4463,9.99999999999999);
#1252=VECTOR('',#4464,9.99999999999999);
#1253=VECTOR('',#4465,10.);
#1254=VECTOR('',#4468,10.);
#1255=VECTOR('',#4469,10.);
#1256=VECTOR('',#4470,10.);
#1257=VECTOR('',#4473,10.);
#1258=VECTOR('',#4474,10.);
#1259=VECTOR('',#4475,10.);
#1260=VECTOR('',#4478,10.);
#1261=VECTOR('',#4479,10.);
#1262=VECTOR('',#4480,10.);
#1263=VECTOR('',#4483,9.99999999999999);
#1264=VECTOR('',#4484,10.);
#1265=VECTOR('',#4485,9.99999999999999);
#1266=VECTOR('',#4488,10.);
#1267=VECTOR('',#4489,10.);
#1268=VECTOR('',#4490,10.);
#1269=VECTOR('',#4493,10.);
#1270=VECTOR('',#4494,10.);
#1271=VECTOR('',#4495,10.);
#1272=VECTOR('',#4498,10.);
#1273=VECTOR('',#4499,10.);
#1274=VECTOR('',#4500,10.);
#1275=VECTOR('',#4503,10.);
#1276=VECTOR('',#4504,10.);
#1277=VECTOR('',#4505,10.);
#1278=VECTOR('',#4508,10.);
#1279=VECTOR('',#4509,10.);
#1280=VECTOR('',#4514,10.);
#1281=VECTOR('',#4515,10.);
#1282=VECTOR('',#4516,10.);
#1283=VECTOR('',#4517,10.);
#1284=VECTOR('',#4520,10.);
#1285=VECTOR('',#4521,10.);
#1286=VECTOR('',#4522,10.);
#1287=VECTOR('',#4525,10.);
#1288=VECTOR('',#4526,10.);
#1289=VECTOR('',#4527,10.);
#1290=VECTOR('',#4530,10.);
#1291=VECTOR('',#4531,10.);
#1292=VECTOR('',#4532,10.);
#1293=VECTOR('',#4535,10.);
#1294=VECTOR('',#4536,10.);
#1295=VECTOR('',#4537,10.);
#1296=VECTOR('',#4540,10.);
#1297=VECTOR('',#4541,10.);
#1298=VECTOR('',#4542,10.);
#1299=VECTOR('',#4545,10.);
#1300=VECTOR('',#4546,10.);
#1301=VECTOR('',#4547,10.);
#1302=VECTOR('',#4550,10.);
#1303=VECTOR('',#4551,10.);
#1304=VECTOR('',#4552,10.);
#1305=VECTOR('',#4555,10.);
#1306=VECTOR('',#4556,10.);
#1307=VECTOR('',#4557,10.);
#1308=VECTOR('',#4560,10.);
#1309=VECTOR('',#4561,10.);
#1310=VECTOR('',#4562,10.);
#1311=VECTOR('',#4565,10.);
#1312=VECTOR('',#4566,10.);
#1313=VECTOR('',#4567,10.);
#1314=VECTOR('',#4570,10.);
#1315=VECTOR('',#4571,10.);
#1316=VECTOR('',#4572,10.);
#1317=VECTOR('',#4575,10.);
#1318=VECTOR('',#4576,10.);
#1319=VECTOR('',#4577,10.);
#1320=VECTOR('',#4580,10.);
#1321=VECTOR('',#4581,10.);
#1322=VECTOR('',#4582,10.);
#1323=VECTOR('',#4585,10.);
#1324=VECTOR('',#4586,10.);
#1325=VECTOR('',#4587,10.);
#1326=VECTOR('',#4590,10.);
#1327=VECTOR('',#4591,10.);
#1328=VECTOR('',#4592,10.);
#1329=VECTOR('',#4595,10.);
#1330=VECTOR('',#4596,10.);
#1331=VECTOR('',#4597,10.);
#1332=VECTOR('',#4600,9.99999999999999);
#1333=VECTOR('',#4601,10.);
#1334=VECTOR('',#4602,9.99999999999999);
#1335=VECTOR('',#4605,10.);
#1336=VECTOR('',#4606,10.);
#1337=VECTOR('',#4607,10.);
#1338=VECTOR('',#4610,10.);
#1339=VECTOR('',#4611,10.);
#1340=VECTOR('',#4616,10.);
#1341=VECTOR('',#4617,10.);
#1342=VECTOR('',#4618,10.);
#1343=VECTOR('',#4619,10.);
#1344=VECTOR('',#4622,10.);
#1345=VECTOR('',#4623,10.);
#1346=VECTOR('',#4624,10.);
#1347=VECTOR('',#4627,10.);
#1348=VECTOR('',#4628,10.);
#1349=VECTOR('',#4629,10.);
#1350=VECTOR('',#4632,10.);
#1351=VECTOR('',#4633,10.);
#1352=VECTOR('',#4634,10.);
#1353=VECTOR('',#4637,10.);
#1354=VECTOR('',#4638,10.);
#1355=VECTOR('',#4639,10.);
#1356=VECTOR('',#4642,10.);
#1357=VECTOR('',#4643,10.);
#1358=VECTOR('',#4644,10.);
#1359=VECTOR('',#4647,10.);
#1360=VECTOR('',#4648,10.);
#1361=VECTOR('',#4649,10.);
#1362=VECTOR('',#4652,10.);
#1363=VECTOR('',#4653,10.);
#1364=VECTOR('',#4654,10.);
#1365=VECTOR('',#4657,10.);
#1366=VECTOR('',#4658,10.);
#1367=VECTOR('',#4659,10.);
#1368=VECTOR('',#4662,10.);
#1369=VECTOR('',#4663,10.);
#1370=VECTOR('',#4664,10.);
#1371=VECTOR('',#4667,10.);
#1372=VECTOR('',#4668,10.);
#1373=VECTOR('',#4669,10.);
#1374=VECTOR('',#4672,10.);
#1375=VECTOR('',#4673,10.);
#1376=VECTOR('',#4674,10.);
#1377=VECTOR('',#4677,10.);
#1378=VECTOR('',#4678,10.);
#1379=VECTOR('',#4679,10.);
#1380=VECTOR('',#4682,10.);
#1381=VECTOR('',#4683,10.);
#1382=VECTOR('',#4684,10.);
#1383=VECTOR('',#4687,10.);
#1384=VECTOR('',#4688,10.);
#1385=VECTOR('',#4689,10.);
#1386=VECTOR('',#4692,10.);
#1387=VECTOR('',#4693,10.);
#1388=VECTOR('',#4694,10.);
#1389=VECTOR('',#4697,10.);
#1390=VECTOR('',#4698,10.);
#1391=VECTOR('',#4699,10.);
#1392=VECTOR('',#4702,10.);
#1393=VECTOR('',#4703,10.);
#1394=VECTOR('',#4704,10.);
#1395=VECTOR('',#4707,10.);
#1396=VECTOR('',#4708,10.);
#1397=VECTOR('',#4709,10.);
#1398=VECTOR('',#4712,10.);
#1399=VECTOR('',#4713,10.);
#1400=VECTOR('',#4734,1.99999999999999);
#1401=VECTOR('',#4737,1.99999999999999);
#1402=VECTOR('',#4740,1.99999999999999);
#1403=VECTOR('',#4743,2.);
#1404=VECTOR('',#4746,10.);
#1405=VECTOR('',#4747,10.);
#1406=VECTOR('',#4750,10.);
#1407=VECTOR('',#4753,10.);
#1408=VECTOR('',#4756,10.);
#1409=VECTOR('',#4759,10.);
#1410=VECTOR('',#4762,10.);
#1411=VECTOR('',#4765,10.);
#1412=VECTOR('',#4768,10.);
#1413=VECTOR('',#4771,10.);
#1414=VECTOR('',#4774,10.);
#1415=VECTOR('',#4777,10.);
#1416=VECTOR('',#4780,10.);
#1417=VECTOR('',#4783,10.);
#1418=VECTOR('',#4786,10.);
#1419=VECTOR('',#4789,10.);
#1420=VECTOR('',#4792,10.);
#1421=VECTOR('',#4795,10.);
#1422=VECTOR('',#4798,10.);
#1423=VECTOR('',#4801,10.);
#1424=VECTOR('',#4804,10.);
#1425=VECTOR('',#4807,10.);
#1426=VECTOR('',#4810,10.);
#1427=VECTOR('',#4813,10.);
#1428=VECTOR('',#4816,10.);
#1429=VECTOR('',#4819,10.);
#1430=VECTOR('',#4822,10.);
#1431=VECTOR('',#4825,10.);
#1432=VECTOR('',#4828,10.);
#1433=VECTOR('',#4831,10.);
#1434=VECTOR('',#4834,10.);
#1435=VECTOR('',#4837,10.);
#1436=VECTOR('',#4840,10.);
#1437=VECTOR('',#4843,10.);
#1438=VECTOR('',#4846,10.);
#1439=VECTOR('',#4849,10.);
#1440=VECTOR('',#4852,10.);
#1441=VECTOR('',#4855,10.);
#1442=VECTOR('',#4858,10.);
#1443=VECTOR('',#4861,10.);
#1444=VECTOR('',#4864,10.);
#1445=VECTOR('',#4867,10.);
#1446=VECTOR('',#4870,10.);
#1447=VECTOR('',#4873,10.);
#1448=VECTOR('',#4876,10.);
#1449=VECTOR('',#4879,10.);
#1450=VECTOR('',#4882,10.);
#1451=VECTOR('',#4885,10.);
#1452=VECTOR('',#4888,10.);
#1453=VECTOR('',#4891,10.);
#1454=VECTOR('',#4894,10.);
#1455=VECTOR('',#4897,10.);
#1456=VECTOR('',#4900,10.);
#1457=VECTOR('',#4903,10.);
#1458=VECTOR('',#4906,10.);
#1459=VECTOR('',#4909,10.);
#1460=VECTOR('',#4912,10.);
#1461=VECTOR('',#4915,10.);
#1462=VECTOR('',#4918,10.);
#1463=VECTOR('',#4921,10.);
#1464=VECTOR('',#4924,10.);
#1465=VECTOR('',#4927,10.);
#1466=VECTOR('',#4930,10.);
#1467=VECTOR('',#4933,10.);
#1468=VECTOR('',#4936,10.);
#1469=VECTOR('',#4939,10.);
#1470=VECTOR('',#4942,10.);
#1471=VECTOR('',#4945,10.);
#1472=VECTOR('',#4948,10.);
#1473=VECTOR('',#4951,10.);
#1474=VECTOR('',#4954,10.);
#1475=VECTOR('',#4957,10.);
#1476=VECTOR('',#4960,10.);
#1477=VECTOR('',#4963,10.);
#1478=VECTOR('',#4966,10.);
#1479=VECTOR('',#4969,10.);
#1480=VECTOR('',#4972,10.);
#1481=VECTOR('',#4975,10.);
#1482=VECTOR('',#4978,10.);
#1483=VECTOR('',#4981,10.);
#1484=VECTOR('',#4984,10.);
#1485=VECTOR('',#4987,10.);
#1486=VECTOR('',#4990,10.);
#1487=VECTOR('',#4993,10.);
#1488=VECTOR('',#4998,10.);
#1489=VECTOR('',#4999,10.);
#1490=VECTOR('',#5000,10.);
#1491=VECTOR('',#5003,10.);
#1492=VECTOR('',#5004,10.);
#1493=VECTOR('',#5007,10.);
#1494=VECTOR('',#5008,10.);
#1495=VECTOR('',#5011,10.);
#1496=VECTOR('',#5016,10.);
#1497=VECTOR('',#5017,10.);
#1498=VECTOR('',#5018,10.);
#1499=VECTOR('',#5019,10.);
#1500=VECTOR('',#5022,10.);
#1501=VECTOR('',#5023,10.);
#1502=VECTOR('',#5024,10.);
#1503=VECTOR('',#5027,10.);
#1504=VECTOR('',#5028,10.);
#1505=VERTEX_POINT('',#5035);
#1506=VERTEX_POINT('',#5036);
#1507=VERTEX_POINT('',#5038);
#1508=VERTEX_POINT('',#5040);
#1509=VERTEX_POINT('',#5044);
#1510=VERTEX_POINT('',#5046);
#1511=VERTEX_POINT('',#5048);
#1512=VERTEX_POINT('',#5050);
#1513=VERTEX_POINT('',#5054);
#1514=VERTEX_POINT('',#5056);
#1515=VERTEX_POINT('',#5060);
#1516=VERTEX_POINT('',#5063);
#1517=VERTEX_POINT('',#5069);
#1518=VERTEX_POINT('',#5071);
#1519=VERTEX_POINT('',#5073);
#1520=VERTEX_POINT('',#5075);
#1521=VERTEX_POINT('',#5077);
#1522=VERTEX_POINT('',#5079);
#1523=VERTEX_POINT('',#5081);
#1524=VERTEX_POINT('',#5083);
#1525=VERTEX_POINT('',#5085);
#1526=VERTEX_POINT('',#5087);
#1527=VERTEX_POINT('',#5089);
#1528=VERTEX_POINT('',#5091);
#1529=VERTEX_POINT('',#5093);
#1530=VERTEX_POINT('',#5095);
#1531=VERTEX_POINT('',#5097);
#1532=VERTEX_POINT('',#5099);
#1533=VERTEX_POINT('',#5101);
#1534=VERTEX_POINT('',#5103);
#1535=VERTEX_POINT('',#5105);
#1536=VERTEX_POINT('',#5107);
#1537=VERTEX_POINT('',#5109);
#1538=VERTEX_POINT('',#5111);
#1539=VERTEX_POINT('',#5113);
#1540=VERTEX_POINT('',#5115);
#1541=VERTEX_POINT('',#5117);
#1542=VERTEX_POINT('',#5119);
#1543=VERTEX_POINT('',#5121);
#1544=VERTEX_POINT('',#5123);
#1545=VERTEX_POINT('',#5125);
#1546=VERTEX_POINT('',#5127);
#1547=VERTEX_POINT('',#5129);
#1548=VERTEX_POINT('',#5131);
#1549=VERTEX_POINT('',#5133);
#1550=VERTEX_POINT('',#5135);
#1551=VERTEX_POINT('',#5137);
#1552=VERTEX_POINT('',#5139);
#1553=VERTEX_POINT('',#5141);
#1554=VERTEX_POINT('',#5143);
#1555=VERTEX_POINT('',#5145);
#1556=VERTEX_POINT('',#5147);
#1557=VERTEX_POINT('',#5149);
#1558=VERTEX_POINT('',#5151);
#1559=VERTEX_POINT('',#5153);
#1560=VERTEX_POINT('',#5155);
#1561=VERTEX_POINT('',#5157);
#1562=VERTEX_POINT('',#5159);
#1563=VERTEX_POINT('',#5161);
#1564=VERTEX_POINT('',#5163);
#1565=VERTEX_POINT('',#5165);
#1566=VERTEX_POINT('',#5167);
#1567=VERTEX_POINT('',#5169);
#1568=VERTEX_POINT('',#5171);
#1569=VERTEX_POINT('',#5173);
#1570=VERTEX_POINT('',#5175);
#1571=VERTEX_POINT('',#5177);
#1572=VERTEX_POINT('',#5179);
#1573=VERTEX_POINT('',#5181);
#1574=VERTEX_POINT('',#5183);
#1575=VERTEX_POINT('',#5185);
#1576=VERTEX_POINT('',#5187);
#1577=VERTEX_POINT('',#5189);
#1578=VERTEX_POINT('',#5191);
#1579=VERTEX_POINT('',#5193);
#1580=VERTEX_POINT('',#5195);
#1581=VERTEX_POINT('',#5197);
#1582=VERTEX_POINT('',#5199);
#1583=VERTEX_POINT('',#5201);
#1584=VERTEX_POINT('',#5203);
#1585=VERTEX_POINT('',#5205);
#1586=VERTEX_POINT('',#5207);
#1587=VERTEX_POINT('',#5209);
#1588=VERTEX_POINT('',#5211);
#1589=VERTEX_POINT('',#5213);
#1590=VERTEX_POINT('',#5215);
#1591=VERTEX_POINT('',#5217);
#1592=VERTEX_POINT('',#5219);
#1593=VERTEX_POINT('',#5221);
#1594=VERTEX_POINT('',#5223);
#1595=VERTEX_POINT('',#5225);
#1596=VERTEX_POINT('',#5227);
#1597=VERTEX_POINT('',#5229);
#1598=VERTEX_POINT('',#5231);
#1599=VERTEX_POINT('',#5233);
#1600=VERTEX_POINT('',#5235);
#1601=VERTEX_POINT('',#5238);
#1602=VERTEX_POINT('',#5240);
#1603=VERTEX_POINT('',#5242);
#1604=VERTEX_POINT('',#5244);
#1605=VERTEX_POINT('',#5247);
#1606=VERTEX_POINT('',#5248);
#1607=VERTEX_POINT('',#5250);
#1608=VERTEX_POINT('',#5252);
#1609=VERTEX_POINT('',#5255);
#1610=VERTEX_POINT('',#5256);
#1611=VERTEX_POINT('',#5258);
#1612=VERTEX_POINT('',#5260);
#1613=VERTEX_POINT('',#5262);
#1614=VERTEX_POINT('',#5264);
#1615=VERTEX_POINT('',#5266);
#1616=VERTEX_POINT('',#5268);
#1617=VERTEX_POINT('',#5270);
#1618=VERTEX_POINT('',#5272);
#1619=VERTEX_POINT('',#5274);
#1620=VERTEX_POINT('',#5276);
#1621=VERTEX_POINT('',#5278);
#1622=VERTEX_POINT('',#5280);
#1623=VERTEX_POINT('',#5282);
#1624=VERTEX_POINT('',#5284);
#1625=VERTEX_POINT('',#5286);
#1626=VERTEX_POINT('',#5288);
#1627=VERTEX_POINT('',#5290);
#1628=VERTEX_POINT('',#5292);
#1629=VERTEX_POINT('',#5294);
#1630=VERTEX_POINT('',#5296);
#1631=VERTEX_POINT('',#5298);
#1632=VERTEX_POINT('',#5300);
#1633=VERTEX_POINT('',#5302);
#1634=VERTEX_POINT('',#5304);
#1635=VERTEX_POINT('',#5306);
#1636=VERTEX_POINT('',#5308);
#1637=VERTEX_POINT('',#5310);
#1638=VERTEX_POINT('',#5312);
#1639=VERTEX_POINT('',#5314);
#1640=VERTEX_POINT('',#5316);
#1641=VERTEX_POINT('',#5318);
#1642=VERTEX_POINT('',#5320);
#1643=VERTEX_POINT('',#5322);
#1644=VERTEX_POINT('',#5324);
#1645=VERTEX_POINT('',#5326);
#1646=VERTEX_POINT('',#5328);
#1647=VERTEX_POINT('',#5330);
#1648=VERTEX_POINT('',#5332);
#1649=VERTEX_POINT('',#5334);
#1650=VERTEX_POINT('',#5336);
#1651=VERTEX_POINT('',#5338);
#1652=VERTEX_POINT('',#5340);
#1653=VERTEX_POINT('',#5342);
#1654=VERTEX_POINT('',#5344);
#1655=VERTEX_POINT('',#5346);
#1656=VERTEX_POINT('',#5348);
#1657=VERTEX_POINT('',#5350);
#1658=VERTEX_POINT('',#5352);
#1659=VERTEX_POINT('',#5354);
#1660=VERTEX_POINT('',#5356);
#1661=VERTEX_POINT('',#5358);
#1662=VERTEX_POINT('',#5360);
#1663=VERTEX_POINT('',#5362);
#1664=VERTEX_POINT('',#5364);
#1665=VERTEX_POINT('',#5366);
#1666=VERTEX_POINT('',#5368);
#1667=VERTEX_POINT('',#5370);
#1668=VERTEX_POINT('',#5372);
#1669=VERTEX_POINT('',#5374);
#1670=VERTEX_POINT('',#5376);
#1671=VERTEX_POINT('',#5378);
#1672=VERTEX_POINT('',#5380);
#1673=VERTEX_POINT('',#5382);
#1674=VERTEX_POINT('',#5384);
#1675=VERTEX_POINT('',#5386);
#1676=VERTEX_POINT('',#5388);
#1677=VERTEX_POINT('',#5390);
#1678=VERTEX_POINT('',#5392);
#1679=VERTEX_POINT('',#5394);
#1680=VERTEX_POINT('',#5396);
#1681=VERTEX_POINT('',#5398);
#1682=VERTEX_POINT('',#5400);
#1683=VERTEX_POINT('',#5402);
#1684=VERTEX_POINT('',#5404);
#1685=VERTEX_POINT('',#5406);
#1686=VERTEX_POINT('',#5408);
#1687=VERTEX_POINT('',#5410);
#1688=VERTEX_POINT('',#5412);
#1689=VERTEX_POINT('',#5414);
#1690=VERTEX_POINT('',#5416);
#1691=VERTEX_POINT('',#5418);
#1692=VERTEX_POINT('',#5420);
#1693=VERTEX_POINT('',#5424);
#1694=VERTEX_POINT('',#5425);
#1695=VERTEX_POINT('',#5427);
#1696=VERTEX_POINT('',#5429);
#1697=VERTEX_POINT('',#5433);
#1698=VERTEX_POINT('',#5435);
#1699=VERTEX_POINT('',#5439);
#1700=VERTEX_POINT('',#5441);
#1701=VERTEX_POINT('',#5445);
#1702=VERTEX_POINT('',#5447);
#1703=VERTEX_POINT('',#5451);
#1704=VERTEX_POINT('',#5453);
#1705=VERTEX_POINT('',#5457);
#1706=VERTEX_POINT('',#5459);
#1707=VERTEX_POINT('',#5463);
#1708=VERTEX_POINT('',#5465);
#1709=VERTEX_POINT('',#5469);
#1710=VERTEX_POINT('',#5471);
#1711=VERTEX_POINT('',#5475);
#1712=VERTEX_POINT('',#5477);
#1713=VERTEX_POINT('',#5481);
#1714=VERTEX_POINT('',#5483);
#1715=VERTEX_POINT('',#5487);
#1716=VERTEX_POINT('',#5489);
#1717=VERTEX_POINT('',#5493);
#1718=VERTEX_POINT('',#5495);
#1719=VERTEX_POINT('',#5499);
#1720=VERTEX_POINT('',#5501);
#1721=VERTEX_POINT('',#5505);
#1722=VERTEX_POINT('',#5507);
#1723=VERTEX_POINT('',#5511);
#1724=VERTEX_POINT('',#5513);
#1725=VERTEX_POINT('',#5517);
#1726=VERTEX_POINT('',#5519);
#1727=VERTEX_POINT('',#5523);
#1728=VERTEX_POINT('',#5525);
#1729=VERTEX_POINT('',#5529);
#1730=VERTEX_POINT('',#5531);
#1731=VERTEX_POINT('',#5535);
#1732=VERTEX_POINT('',#5537);
#1733=VERTEX_POINT('',#5545);
#1734=VERTEX_POINT('',#5546);
#1735=VERTEX_POINT('',#5548);
#1736=VERTEX_POINT('',#5550);
#1737=VERTEX_POINT('',#5554);
#1738=VERTEX_POINT('',#5556);
#1739=VERTEX_POINT('',#5560);
#1740=VERTEX_POINT('',#5562);
#1741=VERTEX_POINT('',#5566);
#1742=VERTEX_POINT('',#5568);
#1743=VERTEX_POINT('',#5572);
#1744=VERTEX_POINT('',#5574);
#1745=VERTEX_POINT('',#5578);
#1746=VERTEX_POINT('',#5580);
#1747=VERTEX_POINT('',#5584);
#1748=VERTEX_POINT('',#5586);
#1749=VERTEX_POINT('',#5590);
#1750=VERTEX_POINT('',#5592);
#1751=VERTEX_POINT('',#5596);
#1752=VERTEX_POINT('',#5598);
#1753=VERTEX_POINT('',#5602);
#1754=VERTEX_POINT('',#5604);
#1755=VERTEX_POINT('',#5608);
#1756=VERTEX_POINT('',#5610);
#1757=VERTEX_POINT('',#5614);
#1758=VERTEX_POINT('',#5616);
#1759=VERTEX_POINT('',#5620);
#1760=VERTEX_POINT('',#5622);
#1761=VERTEX_POINT('',#5626);
#1762=VERTEX_POINT('',#5628);
#1763=VERTEX_POINT('',#5632);
#1764=VERTEX_POINT('',#5634);
#1765=VERTEX_POINT('',#5638);
#1766=VERTEX_POINT('',#5640);
#1767=VERTEX_POINT('',#5644);
#1768=VERTEX_POINT('',#5646);
#1769=VERTEX_POINT('',#5650);
#1770=VERTEX_POINT('',#5652);
#1771=VERTEX_POINT('',#5656);
#1772=VERTEX_POINT('',#5658);
#1773=VERTEX_POINT('',#5666);
#1774=VERTEX_POINT('',#5667);
#1775=VERTEX_POINT('',#5669);
#1776=VERTEX_POINT('',#5671);
#1777=VERTEX_POINT('',#5675);
#1778=VERTEX_POINT('',#5677);
#1779=VERTEX_POINT('',#5681);
#1780=VERTEX_POINT('',#5683);
#1781=VERTEX_POINT('',#5687);
#1782=VERTEX_POINT('',#5689);
#1783=VERTEX_POINT('',#5693);
#1784=VERTEX_POINT('',#5695);
#1785=VERTEX_POINT('',#5699);
#1786=VERTEX_POINT('',#5701);
#1787=VERTEX_POINT('',#5705);
#1788=VERTEX_POINT('',#5707);
#1789=VERTEX_POINT('',#5711);
#1790=VERTEX_POINT('',#5713);
#1791=VERTEX_POINT('',#5717);
#1792=VERTEX_POINT('',#5719);
#1793=VERTEX_POINT('',#5723);
#1794=VERTEX_POINT('',#5725);
#1795=VERTEX_POINT('',#5729);
#1796=VERTEX_POINT('',#5731);
#1797=VERTEX_POINT('',#5735);
#1798=VERTEX_POINT('',#5737);
#1799=VERTEX_POINT('',#5741);
#1800=VERTEX_POINT('',#5743);
#1801=VERTEX_POINT('',#5747);
#1802=VERTEX_POINT('',#5749);
#1803=VERTEX_POINT('',#5753);
#1804=VERTEX_POINT('',#5755);
#1805=VERTEX_POINT('',#5759);
#1806=VERTEX_POINT('',#5761);
#1807=VERTEX_POINT('',#5765);
#1808=VERTEX_POINT('',#5767);
#1809=VERTEX_POINT('',#5771);
#1810=VERTEX_POINT('',#5773);
#1811=VERTEX_POINT('',#5777);
#1812=VERTEX_POINT('',#5779);
#1813=VERTEX_POINT('',#5787);
#1814=VERTEX_POINT('',#5788);
#1815=VERTEX_POINT('',#5790);
#1816=VERTEX_POINT('',#5792);
#1817=VERTEX_POINT('',#5796);
#1818=VERTEX_POINT('',#5798);
#1819=VERTEX_POINT('',#5802);
#1820=VERTEX_POINT('',#5804);
#1821=VERTEX_POINT('',#5808);
#1822=VERTEX_POINT('',#5810);
#1823=VERTEX_POINT('',#5814);
#1824=VERTEX_POINT('',#5816);
#1825=VERTEX_POINT('',#5820);
#1826=VERTEX_POINT('',#5822);
#1827=VERTEX_POINT('',#5826);
#1828=VERTEX_POINT('',#5828);
#1829=VERTEX_POINT('',#5832);
#1830=VERTEX_POINT('',#5834);
#1831=VERTEX_POINT('',#5838);
#1832=VERTEX_POINT('',#5840);
#1833=VERTEX_POINT('',#5844);
#1834=VERTEX_POINT('',#5846);
#1835=VERTEX_POINT('',#5850);
#1836=VERTEX_POINT('',#5852);
#1837=VERTEX_POINT('',#5856);
#1838=VERTEX_POINT('',#5858);
#1839=VERTEX_POINT('',#5862);
#1840=VERTEX_POINT('',#5864);
#1841=VERTEX_POINT('',#5868);
#1842=VERTEX_POINT('',#5870);
#1843=VERTEX_POINT('',#5874);
#1844=VERTEX_POINT('',#5876);
#1845=VERTEX_POINT('',#5880);
#1846=VERTEX_POINT('',#5882);
#1847=VERTEX_POINT('',#5886);
#1848=VERTEX_POINT('',#5888);
#1849=VERTEX_POINT('',#5892);
#1850=VERTEX_POINT('',#5894);
#1851=VERTEX_POINT('',#5898);
#1852=VERTEX_POINT('',#5900);
#1853=VERTEX_POINT('',#5908);
#1854=VERTEX_POINT('',#5911);
#1855=VERTEX_POINT('',#5914);
#1856=VERTEX_POINT('',#5917);
#1857=VERTEX_POINT('',#6096);
#1858=VERTEX_POINT('',#6098);
#1859=VERTEX_POINT('',#6102);
#1860=VERTEX_POINT('',#6106);
#1861=VERTEX_POINT('',#6113);
#1862=VERTEX_POINT('',#6114);
#1863=VERTEX_POINT('',#6116);
#1864=VERTEX_POINT('',#6118);
#1865=VERTEX_POINT('',#6122);
#1866=VERTEX_POINT('',#6124);
#1867=EDGE_CURVE('',#1505,#1506,#435,.T.);
#1868=EDGE_CURVE('',#1507,#1505,#436,.T.);
#1869=EDGE_CURVE('',#1508,#1507,#437,.T.);
#1870=EDGE_CURVE('',#1506,#1508,#438,.T.);
#1871=EDGE_CURVE('',#1506,#1509,#439,.T.);
#1872=EDGE_CURVE('',#1510,#1508,#440,.T.);
#1873=EDGE_CURVE('',#1511,#1510,#441,.T.);
#1874=EDGE_CURVE('',#1511,#1512,#442,.T.);
#1875=EDGE_CURVE('',#1509,#1512,#443,.T.);
#1876=EDGE_CURVE('',#1512,#1513,#444,.T.);
#1877=EDGE_CURVE('',#1514,#1511,#445,.T.);
#1878=EDGE_CURVE('',#1514,#1513,#446,.T.);
#1879=EDGE_CURVE('',#1515,#1505,#447,.T.);
#1880=EDGE_CURVE('',#1513,#1515,#448,.T.);
#1881=EDGE_CURVE('',#1516,#1514,#449,.T.);
#1882=EDGE_CURVE('',#1516,#1507,#450,.T.);
#1883=EDGE_CURVE('',#1510,#1516,#451,.T.);
#1884=EDGE_CURVE('',#1517,#1509,#452,.T.);
#1885=EDGE_CURVE('',#1518,#1517,#453,.T.);
#1886=EDGE_CURVE('',#1519,#1518,#454,.T.);
#1887=EDGE_CURVE('',#1520,#1519,#455,.T.);
#1888=EDGE_CURVE('',#1521,#1520,#456,.T.);
#1889=EDGE_CURVE('',#1522,#1521,#457,.T.);
#1890=EDGE_CURVE('',#1523,#1522,#458,.T.);
#1891=EDGE_CURVE('',#1524,#1523,#459,.T.);
#1892=EDGE_CURVE('',#1525,#1524,#460,.T.);
#1893=EDGE_CURVE('',#1526,#1525,#461,.T.);
#1894=EDGE_CURVE('',#1527,#1526,#462,.T.);
#1895=EDGE_CURVE('',#1528,#1527,#463,.T.);
#1896=EDGE_CURVE('',#1529,#1528,#464,.T.);
#1897=EDGE_CURVE('',#1530,#1529,#465,.T.);
#1898=EDGE_CURVE('',#1531,#1530,#466,.T.);
#1899=EDGE_CURVE('',#1532,#1531,#467,.T.);
#1900=EDGE_CURVE('',#1533,#1532,#468,.T.);
#1901=EDGE_CURVE('',#1534,#1533,#469,.T.);
#1902=EDGE_CURVE('',#1535,#1534,#470,.T.);
#1903=EDGE_CURVE('',#1536,#1535,#471,.T.);
#1904=EDGE_CURVE('',#1537,#1536,#472,.T.);
#1905=EDGE_CURVE('',#1538,#1537,#473,.T.);
#1906=EDGE_CURVE('',#1539,#1538,#474,.T.);
#1907=EDGE_CURVE('',#1540,#1539,#475,.T.);
#1908=EDGE_CURVE('',#1541,#1540,#476,.T.);
#1909=EDGE_CURVE('',#1542,#1541,#477,.T.);
#1910=EDGE_CURVE('',#1543,#1542,#478,.T.);
#1911=EDGE_CURVE('',#1544,#1543,#479,.T.);
#1912=EDGE_CURVE('',#1545,#1544,#480,.T.);
#1913=EDGE_CURVE('',#1546,#1545,#481,.T.);
#1914=EDGE_CURVE('',#1547,#1546,#482,.T.);
#1915=EDGE_CURVE('',#1548,#1547,#483,.T.);
#1916=EDGE_CURVE('',#1549,#1548,#484,.T.);
#1917=EDGE_CURVE('',#1550,#1549,#485,.T.);
#1918=EDGE_CURVE('',#1551,#1550,#486,.T.);
#1919=EDGE_CURVE('',#1552,#1551,#487,.T.);
#1920=EDGE_CURVE('',#1553,#1552,#488,.T.);
#1921=EDGE_CURVE('',#1554,#1553,#489,.T.);
#1922=EDGE_CURVE('',#1555,#1554,#490,.T.);
#1923=EDGE_CURVE('',#1556,#1555,#491,.T.);
#1924=EDGE_CURVE('',#1557,#1556,#492,.T.);
#1925=EDGE_CURVE('',#1558,#1557,#493,.T.);
#1926=EDGE_CURVE('',#1559,#1558,#494,.T.);
#1927=EDGE_CURVE('',#1560,#1559,#495,.T.);
#1928=EDGE_CURVE('',#1561,#1560,#496,.T.);
#1929=EDGE_CURVE('',#1562,#1561,#497,.T.);
#1930=EDGE_CURVE('',#1563,#1562,#498,.T.);
#1931=EDGE_CURVE('',#1564,#1563,#499,.T.);
#1932=EDGE_CURVE('',#1565,#1564,#500,.T.);
#1933=EDGE_CURVE('',#1566,#1565,#501,.T.);
#1934=EDGE_CURVE('',#1567,#1566,#502,.T.);
#1935=EDGE_CURVE('',#1568,#1567,#503,.T.);
#1936=EDGE_CURVE('',#1569,#1568,#504,.T.);
#1937=EDGE_CURVE('',#1570,#1569,#505,.T.);
#1938=EDGE_CURVE('',#1571,#1570,#506,.T.);
#1939=EDGE_CURVE('',#1572,#1571,#507,.T.);
#1940=EDGE_CURVE('',#1573,#1572,#508,.T.);
#1941=EDGE_CURVE('',#1574,#1573,#509,.T.);
#1942=EDGE_CURVE('',#1575,#1574,#510,.T.);
#1943=EDGE_CURVE('',#1576,#1575,#511,.T.);
#1944=EDGE_CURVE('',#1577,#1576,#512,.T.);
#1945=EDGE_CURVE('',#1578,#1577,#513,.T.);
#1946=EDGE_CURVE('',#1579,#1578,#514,.T.);
#1947=EDGE_CURVE('',#1580,#1579,#515,.T.);
#1948=EDGE_CURVE('',#1581,#1580,#516,.T.);
#1949=EDGE_CURVE('',#1582,#1581,#517,.T.);
#1950=EDGE_CURVE('',#1583,#1582,#518,.T.);
#1951=EDGE_CURVE('',#1584,#1583,#519,.T.);
#1952=EDGE_CURVE('',#1585,#1584,#520,.T.);
#1953=EDGE_CURVE('',#1586,#1585,#521,.T.);
#1954=EDGE_CURVE('',#1587,#1586,#522,.T.);
#1955=EDGE_CURVE('',#1588,#1587,#523,.T.);
#1956=EDGE_CURVE('',#1589,#1588,#524,.T.);
#1957=EDGE_CURVE('',#1590,#1589,#525,.T.);
#1958=EDGE_CURVE('',#1591,#1590,#526,.T.);
#1959=EDGE_CURVE('',#1592,#1591,#527,.T.);
#1960=EDGE_CURVE('',#1593,#1592,#528,.T.);
#1961=EDGE_CURVE('',#1594,#1593,#529,.T.);
#1962=EDGE_CURVE('',#1595,#1594,#530,.T.);
#1963=EDGE_CURVE('',#1596,#1595,#531,.T.);
#1964=EDGE_CURVE('',#1597,#1596,#532,.T.);
#1965=EDGE_CURVE('',#1598,#1597,#533,.T.);
#1966=EDGE_CURVE('',#1599,#1598,#534,.T.);
#1967=EDGE_CURVE('',#1600,#1599,#535,.T.);
#1968=EDGE_CURVE('',#1515,#1600,#536,.T.);
#1969=EDGE_CURVE('',#1601,#1601,#31,.T.);
#1970=EDGE_CURVE('',#1602,#1602,#32,.T.);
#1971=EDGE_CURVE('',#1603,#1603,#33,.T.);
#1972=EDGE_CURVE('',#1604,#1604,#34,.T.);
#1973=EDGE_CURVE('',#1605,#1606,#537,.T.);
#1974=EDGE_CURVE('',#1606,#1607,#538,.T.);
#1975=EDGE_CURVE('',#1607,#1608,#539,.T.);
#1976=EDGE_CURVE('',#1608,#1605,#540,.T.);
#1977=EDGE_CURVE('',#1609,#1610,#541,.T.);
#1978=EDGE_CURVE('',#1610,#1611,#542,.T.);
#1979=EDGE_CURVE('',#1611,#1612,#543,.T.);
#1980=EDGE_CURVE('',#1612,#1613,#544,.T.);
#1981=EDGE_CURVE('',#1613,#1614,#545,.T.);
#1982=EDGE_CURVE('',#1614,#1615,#546,.T.);
#1983=EDGE_CURVE('',#1615,#1616,#547,.T.);
#1984=EDGE_CURVE('',#1616,#1617,#548,.T.);
#1985=EDGE_CURVE('',#1617,#1618,#549,.T.);
#1986=EDGE_CURVE('',#1618,#1619,#550,.T.);
#1987=EDGE_CURVE('',#1619,#1620,#551,.T.);
#1988=EDGE_CURVE('',#1620,#1621,#552,.T.);
#1989=EDGE_CURVE('',#1621,#1622,#553,.T.);
#1990=EDGE_CURVE('',#1622,#1623,#554,.T.);
#1991=EDGE_CURVE('',#1623,#1624,#555,.T.);
#1992=EDGE_CURVE('',#1624,#1625,#556,.T.);
#1993=EDGE_CURVE('',#1625,#1626,#557,.T.);
#1994=EDGE_CURVE('',#1626,#1627,#558,.T.);
#1995=EDGE_CURVE('',#1627,#1628,#559,.T.);
#1996=EDGE_CURVE('',#1628,#1629,#560,.T.);
#1997=EDGE_CURVE('',#1629,#1630,#561,.T.);
#1998=EDGE_CURVE('',#1630,#1631,#562,.T.);
#1999=EDGE_CURVE('',#1631,#1632,#563,.T.);
#2000=EDGE_CURVE('',#1632,#1633,#564,.T.);
#2001=EDGE_CURVE('',#1633,#1634,#565,.T.);
#2002=EDGE_CURVE('',#1634,#1635,#566,.T.);
#2003=EDGE_CURVE('',#1635,#1636,#567,.T.);
#2004=EDGE_CURVE('',#1636,#1637,#568,.T.);
#2005=EDGE_CURVE('',#1637,#1638,#569,.T.);
#2006=EDGE_CURVE('',#1638,#1639,#570,.T.);
#2007=EDGE_CURVE('',#1639,#1640,#571,.T.);
#2008=EDGE_CURVE('',#1640,#1641,#572,.T.);
#2009=EDGE_CURVE('',#1641,#1642,#573,.T.);
#2010=EDGE_CURVE('',#1642,#1643,#574,.T.);
#2011=EDGE_CURVE('',#1643,#1644,#575,.T.);
#2012=EDGE_CURVE('',#1644,#1645,#576,.T.);
#2013=EDGE_CURVE('',#1645,#1646,#577,.T.);
#2014=EDGE_CURVE('',#1646,#1647,#578,.T.);
#2015=EDGE_CURVE('',#1647,#1648,#579,.T.);
#2016=EDGE_CURVE('',#1648,#1649,#580,.T.);
#2017=EDGE_CURVE('',#1649,#1650,#581,.T.);
#2018=EDGE_CURVE('',#1650,#1651,#582,.T.);
#2019=EDGE_CURVE('',#1651,#1652,#583,.T.);
#2020=EDGE_CURVE('',#1652,#1653,#584,.T.);
#2021=EDGE_CURVE('',#1653,#1654,#585,.T.);
#2022=EDGE_CURVE('',#1654,#1655,#586,.T.);
#2023=EDGE_CURVE('',#1655,#1656,#587,.T.);
#2024=EDGE_CURVE('',#1656,#1657,#588,.T.);
#2025=EDGE_CURVE('',#1657,#1658,#589,.T.);
#2026=EDGE_CURVE('',#1658,#1659,#590,.T.);
#2027=EDGE_CURVE('',#1659,#1660,#591,.T.);
#2028=EDGE_CURVE('',#1660,#1661,#592,.T.);
#2029=EDGE_CURVE('',#1661,#1662,#593,.T.);
#2030=EDGE_CURVE('',#1662,#1663,#594,.T.);
#2031=EDGE_CURVE('',#1663,#1664,#595,.T.);
#2032=EDGE_CURVE('',#1664,#1665,#596,.T.);
#2033=EDGE_CURVE('',#1665,#1666,#597,.T.);
#2034=EDGE_CURVE('',#1666,#1667,#598,.T.);
#2035=EDGE_CURVE('',#1667,#1668,#599,.T.);
#2036=EDGE_CURVE('',#1668,#1669,#600,.T.);
#2037=EDGE_CURVE('',#1669,#1670,#601,.T.);
#2038=EDGE_CURVE('',#1670,#1671,#602,.T.);
#2039=EDGE_CURVE('',#1671,#1672,#603,.T.);
#2040=EDGE_CURVE('',#1672,#1673,#604,.T.);
#2041=EDGE_CURVE('',#1673,#1674,#605,.T.);
#2042=EDGE_CURVE('',#1674,#1675,#606,.T.);
#2043=EDGE_CURVE('',#1675,#1676,#607,.T.);
#2044=EDGE_CURVE('',#1676,#1677,#608,.T.);
#2045=EDGE_CURVE('',#1677,#1678,#609,.T.);
#2046=EDGE_CURVE('',#1678,#1679,#610,.T.);
#2047=EDGE_CURVE('',#1679,#1680,#611,.T.);
#2048=EDGE_CURVE('',#1680,#1681,#612,.T.);
#2049=EDGE_CURVE('',#1681,#1682,#613,.T.);
#2050=EDGE_CURVE('',#1682,#1683,#614,.T.);
#2051=EDGE_CURVE('',#1683,#1684,#615,.T.);
#2052=EDGE_CURVE('',#1684,#1685,#616,.T.);
#2053=EDGE_CURVE('',#1685,#1686,#617,.T.);
#2054=EDGE_CURVE('',#1686,#1687,#618,.T.);
#2055=EDGE_CURVE('',#1687,#1688,#619,.T.);
#2056=EDGE_CURVE('',#1688,#1689,#620,.T.);
#2057=EDGE_CURVE('',#1689,#1690,#621,.T.);
#2058=EDGE_CURVE('',#1690,#1691,#622,.T.);
#2059=EDGE_CURVE('',#1691,#1692,#623,.T.);
#2060=EDGE_CURVE('',#1692,#1609,#624,.T.);
#2061=EDGE_CURVE('',#1693,#1694,#625,.T.);
#2062=EDGE_CURVE('',#1693,#1695,#626,.T.);
#2063=EDGE_CURVE('',#1695,#1696,#627,.T.);
#2064=EDGE_CURVE('',#1694,#1696,#628,.T.);
#2065=EDGE_CURVE('',#1694,#1697,#629,.T.);
#2066=EDGE_CURVE('',#1696,#1698,#630,.T.);
#2067=EDGE_CURVE('',#1697,#1698,#631,.T.);
#2068=EDGE_CURVE('',#1697,#1699,#632,.T.);
#2069=EDGE_CURVE('',#1698,#1700,#633,.T.);
#2070=EDGE_CURVE('',#1699,#1700,#634,.T.);
#2071=EDGE_CURVE('',#1699,#1701,#635,.T.);
#2072=EDGE_CURVE('',#1700,#1702,#636,.T.);
#2073=EDGE_CURVE('',#1701,#1702,#637,.T.);
#2074=EDGE_CURVE('',#1701,#1703,#638,.T.);
#2075=EDGE_CURVE('',#1702,#1704,#639,.T.);
#2076=EDGE_CURVE('',#1703,#1704,#640,.T.);
#2077=EDGE_CURVE('',#1703,#1705,#641,.T.);
#2078=EDGE_CURVE('',#1704,#1706,#642,.T.);
#2079=EDGE_CURVE('',#1705,#1706,#643,.T.);
#2080=EDGE_CURVE('',#1705,#1707,#644,.T.);
#2081=EDGE_CURVE('',#1706,#1708,#645,.T.);
#2082=EDGE_CURVE('',#1707,#1708,#646,.T.);
#2083=EDGE_CURVE('',#1707,#1709,#647,.T.);
#2084=EDGE_CURVE('',#1708,#1710,#648,.T.);
#2085=EDGE_CURVE('',#1709,#1710,#649,.T.);
#2086=EDGE_CURVE('',#1709,#1711,#650,.T.);
#2087=EDGE_CURVE('',#1710,#1712,#651,.T.);
#2088=EDGE_CURVE('',#1711,#1712,#652,.T.);
#2089=EDGE_CURVE('',#1711,#1713,#653,.T.);
#2090=EDGE_CURVE('',#1712,#1714,#654,.T.);
#2091=EDGE_CURVE('',#1713,#1714,#655,.T.);
#2092=EDGE_CURVE('',#1713,#1715,#656,.T.);
#2093=EDGE_CURVE('',#1714,#1716,#657,.T.);
#2094=EDGE_CURVE('',#1715,#1716,#658,.T.);
#2095=EDGE_CURVE('',#1717,#1693,#659,.T.);
#2096=EDGE_CURVE('',#1717,#1718,#660,.T.);
#2097=EDGE_CURVE('',#1718,#1695,#661,.T.);
#2098=EDGE_CURVE('',#1719,#1717,#662,.T.);
#2099=EDGE_CURVE('',#1719,#1720,#663,.T.);
#2100=EDGE_CURVE('',#1720,#1718,#664,.T.);
#2101=EDGE_CURVE('',#1721,#1719,#665,.T.);
#2102=EDGE_CURVE('',#1721,#1722,#666,.T.);
#2103=EDGE_CURVE('',#1722,#1720,#667,.T.);
#2104=EDGE_CURVE('',#1723,#1721,#668,.T.);
#2105=EDGE_CURVE('',#1723,#1724,#669,.T.);
#2106=EDGE_CURVE('',#1724,#1722,#670,.T.);
#2107=EDGE_CURVE('',#1725,#1723,#671,.T.);
#2108=EDGE_CURVE('',#1725,#1726,#672,.T.);
#2109=EDGE_CURVE('',#1726,#1724,#673,.T.);
#2110=EDGE_CURVE('',#1727,#1725,#674,.T.);
#2111=EDGE_CURVE('',#1727,#1728,#675,.T.);
#2112=EDGE_CURVE('',#1728,#1726,#676,.T.);
#2113=EDGE_CURVE('',#1729,#1727,#677,.T.);
#2114=EDGE_CURVE('',#1729,#1730,#678,.T.);
#2115=EDGE_CURVE('',#1730,#1728,#679,.T.);
#2116=EDGE_CURVE('',#1731,#1729,#680,.T.);
#2117=EDGE_CURVE('',#1731,#1732,#681,.T.);
#2118=EDGE_CURVE('',#1732,#1730,#682,.T.);
#2119=EDGE_CURVE('',#1715,#1731,#683,.T.);
#2120=EDGE_CURVE('',#1716,#1732,#684,.T.);
#2121=EDGE_CURVE('',#1733,#1734,#685,.T.);
#2122=EDGE_CURVE('',#1733,#1735,#686,.T.);
#2123=EDGE_CURVE('',#1735,#1736,#687,.T.);
#2124=EDGE_CURVE('',#1734,#1736,#688,.T.);
#2125=EDGE_CURVE('',#1734,#1737,#689,.T.);
#2126=EDGE_CURVE('',#1736,#1738,#690,.T.);
#2127=EDGE_CURVE('',#1737,#1738,#691,.T.);
#2128=EDGE_CURVE('',#1737,#1739,#692,.T.);
#2129=EDGE_CURVE('',#1738,#1740,#693,.T.);
#2130=EDGE_CURVE('',#1739,#1740,#694,.T.);
#2131=EDGE_CURVE('',#1739,#1741,#695,.T.);
#2132=EDGE_CURVE('',#1740,#1742,#696,.T.);
#2133=EDGE_CURVE('',#1741,#1742,#697,.T.);
#2134=EDGE_CURVE('',#1741,#1743,#698,.T.);
#2135=EDGE_CURVE('',#1742,#1744,#699,.T.);
#2136=EDGE_CURVE('',#1743,#1744,#700,.T.);
#2137=EDGE_CURVE('',#1743,#1745,#701,.T.);
#2138=EDGE_CURVE('',#1744,#1746,#702,.T.);
#2139=EDGE_CURVE('',#1745,#1746,#703,.T.);
#2140=EDGE_CURVE('',#1745,#1747,#704,.T.);
#2141=EDGE_CURVE('',#1746,#1748,#705,.T.);
#2142=EDGE_CURVE('',#1747,#1748,#706,.T.);
#2143=EDGE_CURVE('',#1747,#1749,#707,.T.);
#2144=EDGE_CURVE('',#1748,#1750,#708,.T.);
#2145=EDGE_CURVE('',#1749,#1750,#709,.T.);
#2146=EDGE_CURVE('',#1749,#1751,#710,.T.);
#2147=EDGE_CURVE('',#1750,#1752,#711,.T.);
#2148=EDGE_CURVE('',#1751,#1752,#712,.T.);
#2149=EDGE_CURVE('',#1751,#1753,#713,.T.);
#2150=EDGE_CURVE('',#1752,#1754,#714,.T.);
#2151=EDGE_CURVE('',#1753,#1754,#715,.T.);
#2152=EDGE_CURVE('',#1753,#1755,#716,.T.);
#2153=EDGE_CURVE('',#1754,#1756,#717,.T.);
#2154=EDGE_CURVE('',#1755,#1756,#718,.T.);
#2155=EDGE_CURVE('',#1757,#1733,#719,.T.);
#2156=EDGE_CURVE('',#1757,#1758,#720,.T.);
#2157=EDGE_CURVE('',#1758,#1735,#721,.T.);
#2158=EDGE_CURVE('',#1759,#1757,#722,.T.);
#2159=EDGE_CURVE('',#1759,#1760,#723,.T.);
#2160=EDGE_CURVE('',#1760,#1758,#724,.T.);
#2161=EDGE_CURVE('',#1761,#1759,#725,.T.);
#2162=EDGE_CURVE('',#1761,#1762,#726,.T.);
#2163=EDGE_CURVE('',#1762,#1760,#727,.T.);
#2164=EDGE_CURVE('',#1763,#1761,#728,.T.);
#2165=EDGE_CURVE('',#1763,#1764,#729,.T.);
#2166=EDGE_CURVE('',#1764,#1762,#730,.T.);
#2167=EDGE_CURVE('',#1765,#1763,#731,.T.);
#2168=EDGE_CURVE('',#1765,#1766,#732,.T.);
#2169=EDGE_CURVE('',#1766,#1764,#733,.T.);
#2170=EDGE_CURVE('',#1767,#1765,#734,.T.);
#2171=EDGE_CURVE('',#1767,#1768,#735,.T.);
#2172=EDGE_CURVE('',#1768,#1766,#736,.T.);
#2173=EDGE_CURVE('',#1769,#1767,#737,.T.);
#2174=EDGE_CURVE('',#1769,#1770,#738,.T.);
#2175=EDGE_CURVE('',#1770,#1768,#739,.T.);
#2176=EDGE_CURVE('',#1771,#1769,#740,.T.);
#2177=EDGE_CURVE('',#1771,#1772,#741,.T.);
#2178=EDGE_CURVE('',#1772,#1770,#742,.T.);
#2179=EDGE_CURVE('',#1755,#1771,#743,.T.);
#2180=EDGE_CURVE('',#1756,#1772,#744,.T.);
#2181=EDGE_CURVE('',#1773,#1774,#745,.T.);
#2182=EDGE_CURVE('',#1773,#1775,#746,.T.);
#2183=EDGE_CURVE('',#1775,#1776,#747,.T.);
#2184=EDGE_CURVE('',#1774,#1776,#748,.T.);
#2185=EDGE_CURVE('',#1774,#1777,#749,.T.);
#2186=EDGE_CURVE('',#1776,#1778,#750,.T.);
#2187=EDGE_CURVE('',#1777,#1778,#751,.T.);
#2188=EDGE_CURVE('',#1777,#1779,#752,.T.);
#2189=EDGE_CURVE('',#1778,#1780,#753,.T.);
#2190=EDGE_CURVE('',#1779,#1780,#754,.T.);
#2191=EDGE_CURVE('',#1779,#1781,#755,.T.);
#2192=EDGE_CURVE('',#1780,#1782,#756,.T.);
#2193=EDGE_CURVE('',#1781,#1782,#757,.T.);
#2194=EDGE_CURVE('',#1781,#1783,#758,.T.);
#2195=EDGE_CURVE('',#1782,#1784,#759,.T.);
#2196=EDGE_CURVE('',#1783,#1784,#760,.T.);
#2197=EDGE_CURVE('',#1783,#1785,#761,.T.);
#2198=EDGE_CURVE('',#1784,#1786,#762,.T.);
#2199=EDGE_CURVE('',#1785,#1786,#763,.T.);
#2200=EDGE_CURVE('',#1785,#1787,#764,.T.);
#2201=EDGE_CURVE('',#1786,#1788,#765,.T.);
#2202=EDGE_CURVE('',#1787,#1788,#766,.T.);
#2203=EDGE_CURVE('',#1787,#1789,#767,.T.);
#2204=EDGE_CURVE('',#1788,#1790,#768,.T.);
#2205=EDGE_CURVE('',#1789,#1790,#769,.T.);
#2206=EDGE_CURVE('',#1789,#1791,#770,.T.);
#2207=EDGE_CURVE('',#1790,#1792,#771,.T.);
#2208=EDGE_CURVE('',#1791,#1792,#772,.T.);
#2209=EDGE_CURVE('',#1791,#1793,#773,.T.);
#2210=EDGE_CURVE('',#1792,#1794,#774,.T.);
#2211=EDGE_CURVE('',#1793,#1794,#775,.T.);
#2212=EDGE_CURVE('',#1793,#1795,#776,.T.);
#2213=EDGE_CURVE('',#1794,#1796,#777,.T.);
#2214=EDGE_CURVE('',#1795,#1796,#778,.T.);
#2215=EDGE_CURVE('',#1797,#1773,#779,.T.);
#2216=EDGE_CURVE('',#1797,#1798,#780,.T.);
#2217=EDGE_CURVE('',#1798,#1775,#781,.T.);
#2218=EDGE_CURVE('',#1799,#1797,#782,.T.);
#2219=EDGE_CURVE('',#1799,#1800,#783,.T.);
#2220=EDGE_CURVE('',#1800,#1798,#784,.T.);
#2221=EDGE_CURVE('',#1801,#1799,#785,.T.);
#2222=EDGE_CURVE('',#1801,#1802,#786,.T.);
#2223=EDGE_CURVE('',#1802,#1800,#787,.T.);
#2224=EDGE_CURVE('',#1803,#1801,#788,.T.);
#2225=EDGE_CURVE('',#1803,#1804,#789,.T.);
#2226=EDGE_CURVE('',#1804,#1802,#790,.T.);
#2227=EDGE_CURVE('',#1805,#1803,#791,.T.);
#2228=EDGE_CURVE('',#1805,#1806,#792,.T.);
#2229=EDGE_CURVE('',#1806,#1804,#793,.T.);
#2230=EDGE_CURVE('',#1807,#1805,#794,.T.);
#2231=EDGE_CURVE('',#1807,#1808,#795,.T.);
#2232=EDGE_CURVE('',#1808,#1806,#796,.T.);
#2233=EDGE_CURVE('',#1809,#1807,#797,.T.);
#2234=EDGE_CURVE('',#1809,#1810,#798,.T.);
#2235=EDGE_CURVE('',#1810,#1808,#799,.T.);
#2236=EDGE_CURVE('',#1811,#1809,#800,.T.);
#2237=EDGE_CURVE('',#1811,#1812,#801,.T.);
#2238=EDGE_CURVE('',#1812,#1810,#802,.T.);
#2239=EDGE_CURVE('',#1795,#1811,#803,.T.);
#2240=EDGE_CURVE('',#1796,#1812,#804,.T.);
#2241=EDGE_CURVE('',#1813,#1814,#805,.T.);
#2242=EDGE_CURVE('',#1813,#1815,#806,.T.);
#2243=EDGE_CURVE('',#1815,#1816,#807,.T.);
#2244=EDGE_CURVE('',#1814,#1816,#808,.T.);
#2245=EDGE_CURVE('',#1814,#1817,#809,.T.);
#2246=EDGE_CURVE('',#1816,#1818,#810,.T.);
#2247=EDGE_CURVE('',#1817,#1818,#811,.T.);
#2248=EDGE_CURVE('',#1817,#1819,#812,.T.);
#2249=EDGE_CURVE('',#1818,#1820,#813,.T.);
#2250=EDGE_CURVE('',#1819,#1820,#814,.T.);
#2251=EDGE_CURVE('',#1819,#1821,#815,.T.);
#2252=EDGE_CURVE('',#1820,#1822,#816,.T.);
#2253=EDGE_CURVE('',#1821,#1822,#817,.T.);
#2254=EDGE_CURVE('',#1821,#1823,#818,.T.);
#2255=EDGE_CURVE('',#1822,#1824,#819,.T.);
#2256=EDGE_CURVE('',#1823,#1824,#820,.T.);
#2257=EDGE_CURVE('',#1823,#1825,#821,.T.);
#2258=EDGE_CURVE('',#1824,#1826,#822,.T.);
#2259=EDGE_CURVE('',#1825,#1826,#823,.T.);
#2260=EDGE_CURVE('',#1825,#1827,#824,.T.);
#2261=EDGE_CURVE('',#1826,#1828,#825,.T.);
#2262=EDGE_CURVE('',#1827,#1828,#826,.T.);
#2263=EDGE_CURVE('',#1827,#1829,#827,.T.);
#2264=EDGE_CURVE('',#1828,#1830,#828,.T.);
#2265=EDGE_CURVE('',#1829,#1830,#829,.T.);
#2266=EDGE_CURVE('',#1829,#1831,#830,.T.);
#2267=EDGE_CURVE('',#1830,#1832,#831,.T.);
#2268=EDGE_CURVE('',#1831,#1832,#832,.T.);
#2269=EDGE_CURVE('',#1831,#1833,#833,.T.);
#2270=EDGE_CURVE('',#1832,#1834,#834,.T.);
#2271=EDGE_CURVE('',#1833,#1834,#835,.T.);
#2272=EDGE_CURVE('',#1833,#1835,#836,.T.);
#2273=EDGE_CURVE('',#1834,#1836,#837,.T.);
#2274=EDGE_CURVE('',#1835,#1836,#838,.T.);
#2275=EDGE_CURVE('',#1837,#1813,#839,.T.);
#2276=EDGE_CURVE('',#1837,#1838,#840,.T.);
#2277=EDGE_CURVE('',#1838,#1815,#841,.T.);
#2278=EDGE_CURVE('',#1839,#1837,#842,.T.);
#2279=EDGE_CURVE('',#1839,#1840,#843,.T.);
#2280=EDGE_CURVE('',#1840,#1838,#844,.T.);
#2281=EDGE_CURVE('',#1841,#1839,#845,.T.);
#2282=EDGE_CURVE('',#1841,#1842,#846,.T.);
#2283=EDGE_CURVE('',#1842,#1840,#847,.T.);
#2284=EDGE_CURVE('',#1843,#1841,#848,.T.);
#2285=EDGE_CURVE('',#1843,#1844,#849,.T.);
#2286=EDGE_CURVE('',#1844,#1842,#850,.T.);
#2287=EDGE_CURVE('',#1845,#1843,#851,.T.);
#2288=EDGE_CURVE('',#1845,#1846,#852,.T.);
#2289=EDGE_CURVE('',#1846,#1844,#853,.T.);
#2290=EDGE_CURVE('',#1847,#1845,#854,.T.);
#2291=EDGE_CURVE('',#1847,#1848,#855,.T.);
#2292=EDGE_CURVE('',#1848,#1846,#856,.T.);
#2293=EDGE_CURVE('',#1849,#1847,#857,.T.);
#2294=EDGE_CURVE('',#1849,#1850,#858,.T.);
#2295=EDGE_CURVE('',#1850,#1848,#859,.T.);
#2296=EDGE_CURVE('',#1851,#1849,#860,.T.);
#2297=EDGE_CURVE('',#1851,#1852,#861,.T.);
#2298=EDGE_CURVE('',#1852,#1850,#862,.T.);
#2299=EDGE_CURVE('',#1835,#1851,#863,.T.);
#2300=EDGE_CURVE('',#1836,#1852,#864,.T.);
#2301=EDGE_CURVE('',#1853,#1853,#35,.T.);
#2302=EDGE_CURVE('',#1854,#1854,#36,.T.);
#2303=EDGE_CURVE('',#1855,#1855,#37,.T.);
#2304=EDGE_CURVE('',#1856,#1856,#38,.T.);
#2305=EDGE_CURVE('',#1604,#1854,#865,.T.);
#2306=EDGE_CURVE('',#1603,#1853,#866,.T.);
#2307=EDGE_CURVE('',#1602,#1856,#867,.T.);
#2308=EDGE_CURVE('',#1601,#1855,#868,.T.);
#2309=EDGE_CURVE('',#1609,#1546,#869,.T.);
#2310=EDGE_CURVE('',#1545,#1610,#870,.T.);
#2311=EDGE_CURVE('',#1692,#1547,#871,.T.);
#2312=EDGE_CURVE('',#1691,#1548,#872,.T.);
#2313=EDGE_CURVE('',#1690,#1549,#873,.T.);
#2314=EDGE_CURVE('',#1689,#1550,#874,.T.);
#2315=EDGE_CURVE('',#1688,#1551,#875,.T.);
#2316=EDGE_CURVE('',#1687,#1552,#876,.T.);
#2317=EDGE_CURVE('',#1686,#1553,#877,.T.);
#2318=EDGE_CURVE('',#1685,#1554,#878,.T.);
#2319=EDGE_CURVE('',#1684,#1555,#879,.T.);
#2320=EDGE_CURVE('',#1683,#1556,#880,.T.);
#2321=EDGE_CURVE('',#1682,#1557,#881,.T.);
#2322=EDGE_CURVE('',#1681,#1558,#882,.T.);
#2323=EDGE_CURVE('',#1680,#1559,#883,.T.);
#2324=EDGE_CURVE('',#1679,#1560,#884,.T.);
#2325=EDGE_CURVE('',#1678,#1561,#885,.T.);
#2326=EDGE_CURVE('',#1677,#1562,#886,.T.);
#2327=EDGE_CURVE('',#1676,#1563,#887,.T.);
#2328=EDGE_CURVE('',#1675,#1564,#888,.T.);
#2329=EDGE_CURVE('',#1674,#1565,#889,.T.);
#2330=EDGE_CURVE('',#1673,#1566,#890,.T.);
#2331=EDGE_CURVE('',#1672,#1567,#891,.T.);
#2332=EDGE_CURVE('',#1671,#1568,#892,.T.);
#2333=EDGE_CURVE('',#1670,#1569,#893,.T.);
#2334=EDGE_CURVE('',#1669,#1570,#894,.T.);
#2335=EDGE_CURVE('',#1668,#1571,#895,.T.);
#2336=EDGE_CURVE('',#1667,#1572,#896,.T.);
#2337=EDGE_CURVE('',#1666,#1573,#897,.T.);
#2338=EDGE_CURVE('',#1665,#1574,#898,.T.);
#2339=EDGE_CURVE('',#1664,#1575,#899,.T.);
#2340=EDGE_CURVE('',#1663,#1576,#900,.T.);
#2341=EDGE_CURVE('',#1662,#1577,#901,.T.);
#2342=EDGE_CURVE('',#1661,#1578,#902,.T.);
#2343=EDGE_CURVE('',#1660,#1579,#903,.T.);
#2344=EDGE_CURVE('',#1659,#1580,#904,.T.);
#2345=EDGE_CURVE('',#1658,#1581,#905,.T.);
#2346=EDGE_CURVE('',#1657,#1582,#906,.T.);
#2347=EDGE_CURVE('',#1656,#1583,#907,.T.);
#2348=EDGE_CURVE('',#1655,#1584,#908,.T.);
#2349=EDGE_CURVE('',#1654,#1585,#909,.T.);
#2350=EDGE_CURVE('',#1653,#1586,#910,.T.);
#2351=EDGE_CURVE('',#1652,#1587,#911,.T.);
#2352=EDGE_CURVE('',#1651,#1588,#912,.T.);
#2353=EDGE_CURVE('',#1650,#1589,#913,.T.);
#2354=EDGE_CURVE('',#1649,#1590,#914,.T.);
#2355=EDGE_CURVE('',#1648,#1591,#915,.T.);
#2356=EDGE_CURVE('',#1647,#1592,#916,.T.);
#2357=EDGE_CURVE('',#1646,#1593,#917,.T.);
#2358=EDGE_CURVE('',#1645,#1594,#918,.T.);
#2359=EDGE_CURVE('',#1644,#1595,#919,.T.);
#2360=EDGE_CURVE('',#1643,#1596,#920,.T.);
#2361=EDGE_CURVE('',#1642,#1597,#921,.T.);
#2362=EDGE_CURVE('',#1641,#1598,#922,.T.);
#2363=EDGE_CURVE('',#1640,#1599,#923,.T.);
#2364=EDGE_CURVE('',#1639,#1600,#924,.T.);
#2365=EDGE_CURVE('',#1638,#1517,#925,.T.);
#2366=EDGE_CURVE('',#1637,#1518,#926,.T.);
#2367=EDGE_CURVE('',#1636,#1519,#927,.T.);
#2368=EDGE_CURVE('',#1635,#1520,#928,.T.);
#2369=EDGE_CURVE('',#1634,#1521,#929,.T.);
#2370=EDGE_CURVE('',#1633,#1522,#930,.T.);
#2371=EDGE_CURVE('',#1632,#1523,#931,.T.);
#2372=EDGE_CURVE('',#1631,#1524,#932,.T.);
#2373=EDGE_CURVE('',#1630,#1525,#933,.T.);
#2374=EDGE_CURVE('',#1629,#1526,#934,.T.);
#2375=EDGE_CURVE('',#1628,#1527,#935,.T.);
#2376=EDGE_CURVE('',#1627,#1528,#936,.T.);
#2377=EDGE_CURVE('',#1626,#1529,#937,.T.);
#2378=EDGE_CURVE('',#1625,#1530,#938,.T.);
#2379=EDGE_CURVE('',#1624,#1531,#939,.T.);
#2380=EDGE_CURVE('',#1623,#1532,#940,.T.);
#2381=EDGE_CURVE('',#1622,#1533,#941,.T.);
#2382=EDGE_CURVE('',#1621,#1534,#942,.T.);
#2383=EDGE_CURVE('',#1620,#1535,#943,.T.);
#2384=EDGE_CURVE('',#1619,#1536,#944,.T.);
#2385=EDGE_CURVE('',#1618,#1537,#945,.T.);
#2386=EDGE_CURVE('',#1617,#1538,#946,.T.);
#2387=EDGE_CURVE('',#1616,#1539,#947,.T.);
#2388=EDGE_CURVE('',#1615,#1540,#948,.T.);
#2389=EDGE_CURVE('',#1614,#1541,#949,.T.);
#2390=EDGE_CURVE('',#1613,#1542,#950,.T.);
#2391=EDGE_CURVE('',#1612,#1543,#951,.T.);
#2392=EDGE_CURVE('',#1611,#1544,#952,.T.);
#2393=EDGE_CURVE('',#1857,#1606,#953,.T.);
#2394=EDGE_CURVE('',#1858,#1857,#954,.T.);
#2395=EDGE_CURVE('',#1858,#1607,#955,.T.);
#2396=EDGE_CURVE('',#1859,#1858,#956,.T.);
#2397=EDGE_CURVE('',#1859,#1608,#957,.T.);
#2398=EDGE_CURVE('',#1860,#1859,#958,.T.);
#2399=EDGE_CURVE('',#1605,#1860,#959,.T.);
#2400=EDGE_CURVE('',#1857,#1860,#960,.T.);
#2401=EDGE_CURVE('',#1861,#1862,#961,.T.);
#2402=EDGE_CURVE('',#1861,#1863,#962,.T.);
#2403=EDGE_CURVE('',#1864,#1863,#963,.T.);
#2404=EDGE_CURVE('',#1862,#1864,#964,.T.);
#2405=EDGE_CURVE('',#1865,#1862,#965,.T.);
#2406=EDGE_CURVE('',#1866,#1864,#966,.T.);
#2407=EDGE_CURVE('',#1865,#1866,#967,.T.);
#2408=EDGE_CURVE('',#1865,#1861,#968,.T.);
#2409=EDGE_CURVE('',#1863,#1866,#969,.T.);
#2410=ORIENTED_EDGE('',*,*,#1867,.F.);
#2411=ORIENTED_EDGE('',*,*,#1868,.F.);
#2412=ORIENTED_EDGE('',*,*,#1869,.F.);
#2413=ORIENTED_EDGE('',*,*,#1870,.F.);
#2414=ORIENTED_EDGE('',*,*,#1871,.F.);
#2415=ORIENTED_EDGE('',*,*,#1870,.T.);
#2416=ORIENTED_EDGE('',*,*,#1872,.F.);
#2417=ORIENTED_EDGE('',*,*,#1873,.F.);
#2418=ORIENTED_EDGE('',*,*,#1874,.T.);
#2419=ORIENTED_EDGE('',*,*,#1875,.F.);
#2420=ORIENTED_EDGE('',*,*,#1876,.F.);
#2421=ORIENTED_EDGE('',*,*,#1874,.F.);
#2422=ORIENTED_EDGE('',*,*,#1877,.F.);
#2423=ORIENTED_EDGE('',*,*,#1878,.T.);
#2424=ORIENTED_EDGE('',*,*,#1879,.F.);
#2425=ORIENTED_EDGE('',*,*,#1880,.F.);
#2426=ORIENTED_EDGE('',*,*,#1878,.F.);
#2427=ORIENTED_EDGE('',*,*,#1881,.F.);
#2428=ORIENTED_EDGE('',*,*,#1882,.T.);
#2429=ORIENTED_EDGE('',*,*,#1868,.T.);
#2430=ORIENTED_EDGE('',*,*,#1883,.F.);
#2431=ORIENTED_EDGE('',*,*,#1872,.T.);
#2432=ORIENTED_EDGE('',*,*,#1869,.T.);
#2433=ORIENTED_EDGE('',*,*,#1882,.F.);
#2434=ORIENTED_EDGE('',*,*,#1871,.T.);
#2435=ORIENTED_EDGE('',*,*,#1884,.F.);
#2436=ORIENTED_EDGE('',*,*,#1885,.F.);
#2437=ORIENTED_EDGE('',*,*,#1886,.F.);
#2438=ORIENTED_EDGE('',*,*,#1887,.F.);
#2439=ORIENTED_EDGE('',*,*,#1888,.F.);
#2440=ORIENTED_EDGE('',*,*,#1889,.F.);
#2441=ORIENTED_EDGE('',*,*,#1890,.F.);
#2442=ORIENTED_EDGE('',*,*,#1891,.F.);
#2443=ORIENTED_EDGE('',*,*,#1892,.F.);
#2444=ORIENTED_EDGE('',*,*,#1893,.F.);
#2445=ORIENTED_EDGE('',*,*,#1894,.F.);
#2446=ORIENTED_EDGE('',*,*,#1895,.F.);
#2447=ORIENTED_EDGE('',*,*,#1896,.F.);
#2448=ORIENTED_EDGE('',*,*,#1897,.F.);
#2449=ORIENTED_EDGE('',*,*,#1898,.F.);
#2450=ORIENTED_EDGE('',*,*,#1899,.F.);
#2451=ORIENTED_EDGE('',*,*,#1900,.F.);
#2452=ORIENTED_EDGE('',*,*,#1901,.F.);
#2453=ORIENTED_EDGE('',*,*,#1902,.F.);
#2454=ORIENTED_EDGE('',*,*,#1903,.F.);
#2455=ORIENTED_EDGE('',*,*,#1904,.F.);
#2456=ORIENTED_EDGE('',*,*,#1905,.F.);
#2457=ORIENTED_EDGE('',*,*,#1906,.F.);
#2458=ORIENTED_EDGE('',*,*,#1907,.F.);
#2459=ORIENTED_EDGE('',*,*,#1908,.F.);
#2460=ORIENTED_EDGE('',*,*,#1909,.F.);
#2461=ORIENTED_EDGE('',*,*,#1910,.F.);
#2462=ORIENTED_EDGE('',*,*,#1911,.F.);
#2463=ORIENTED_EDGE('',*,*,#1912,.F.);
#2464=ORIENTED_EDGE('',*,*,#1913,.F.);
#2465=ORIENTED_EDGE('',*,*,#1914,.F.);
#2466=ORIENTED_EDGE('',*,*,#1915,.F.);
#2467=ORIENTED_EDGE('',*,*,#1916,.F.);
#2468=ORIENTED_EDGE('',*,*,#1917,.F.);
#2469=ORIENTED_EDGE('',*,*,#1918,.F.);
#2470=ORIENTED_EDGE('',*,*,#1919,.F.);
#2471=ORIENTED_EDGE('',*,*,#1920,.F.);
#2472=ORIENTED_EDGE('',*,*,#1921,.F.);
#2473=ORIENTED_EDGE('',*,*,#1922,.F.);
#2474=ORIENTED_EDGE('',*,*,#1923,.F.);
#2475=ORIENTED_EDGE('',*,*,#1924,.F.);
#2476=ORIENTED_EDGE('',*,*,#1925,.F.);
#2477=ORIENTED_EDGE('',*,*,#1926,.F.);
#2478=ORIENTED_EDGE('',*,*,#1927,.F.);
#2479=ORIENTED_EDGE('',*,*,#1928,.F.);
#2480=ORIENTED_EDGE('',*,*,#1929,.F.);
#2481=ORIENTED_EDGE('',*,*,#1930,.F.);
#2482=ORIENTED_EDGE('',*,*,#1931,.F.);
#2483=ORIENTED_EDGE('',*,*,#1932,.F.);
#2484=ORIENTED_EDGE('',*,*,#1933,.F.);
#2485=ORIENTED_EDGE('',*,*,#1934,.F.);
#2486=ORIENTED_EDGE('',*,*,#1935,.F.);
#2487=ORIENTED_EDGE('',*,*,#1936,.F.);
#2488=ORIENTED_EDGE('',*,*,#1937,.F.);
#2489=ORIENTED_EDGE('',*,*,#1938,.F.);
#2490=ORIENTED_EDGE('',*,*,#1939,.F.);
#2491=ORIENTED_EDGE('',*,*,#1940,.F.);
#2492=ORIENTED_EDGE('',*,*,#1941,.F.);
#2493=ORIENTED_EDGE('',*,*,#1942,.F.);
#2494=ORIENTED_EDGE('',*,*,#1943,.F.);
#2495=ORIENTED_EDGE('',*,*,#1944,.F.);
#2496=ORIENTED_EDGE('',*,*,#1945,.F.);
#2497=ORIENTED_EDGE('',*,*,#1946,.F.);
#2498=ORIENTED_EDGE('',*,*,#1947,.F.);
#2499=ORIENTED_EDGE('',*,*,#1948,.F.);
#2500=ORIENTED_EDGE('',*,*,#1949,.F.);
#2501=ORIENTED_EDGE('',*,*,#1950,.F.);
#2502=ORIENTED_EDGE('',*,*,#1951,.F.);
#2503=ORIENTED_EDGE('',*,*,#1952,.F.);
#2504=ORIENTED_EDGE('',*,*,#1953,.F.);
#2505=ORIENTED_EDGE('',*,*,#1954,.F.);
#2506=ORIENTED_EDGE('',*,*,#1955,.F.);
#2507=ORIENTED_EDGE('',*,*,#1956,.F.);
#2508=ORIENTED_EDGE('',*,*,#1957,.F.);
#2509=ORIENTED_EDGE('',*,*,#1958,.F.);
#2510=ORIENTED_EDGE('',*,*,#1959,.F.);
#2511=ORIENTED_EDGE('',*,*,#1960,.F.);
#2512=ORIENTED_EDGE('',*,*,#1961,.F.);
#2513=ORIENTED_EDGE('',*,*,#1962,.F.);
#2514=ORIENTED_EDGE('',*,*,#1963,.F.);
#2515=ORIENTED_EDGE('',*,*,#1964,.F.);
#2516=ORIENTED_EDGE('',*,*,#1965,.F.);
#2517=ORIENTED_EDGE('',*,*,#1966,.F.);
#2518=ORIENTED_EDGE('',*,*,#1967,.F.);
#2519=ORIENTED_EDGE('',*,*,#1968,.F.);
#2520=ORIENTED_EDGE('',*,*,#1879,.T.);
#2521=ORIENTED_EDGE('',*,*,#1867,.T.);
#2522=ORIENTED_EDGE('',*,*,#1969,.T.);
#2523=ORIENTED_EDGE('',*,*,#1970,.T.);
#2524=ORIENTED_EDGE('',*,*,#1971,.T.);
#2525=ORIENTED_EDGE('',*,*,#1972,.T.);
#2526=ORIENTED_EDGE('',*,*,#1973,.T.);
#2527=ORIENTED_EDGE('',*,*,#1974,.T.);
#2528=ORIENTED_EDGE('',*,*,#1975,.T.);
#2529=ORIENTED_EDGE('',*,*,#1976,.T.);
#2530=ORIENTED_EDGE('',*,*,#1977,.T.);
#2531=ORIENTED_EDGE('',*,*,#1978,.T.);
#2532=ORIENTED_EDGE('',*,*,#1979,.T.);
#2533=ORIENTED_EDGE('',*,*,#1980,.T.);
#2534=ORIENTED_EDGE('',*,*,#1981,.T.);
#2535=ORIENTED_EDGE('',*,*,#1982,.T.);
#2536=ORIENTED_EDGE('',*,*,#1983,.T.);
#2537=ORIENTED_EDGE('',*,*,#1984,.T.);
#2538=ORIENTED_EDGE('',*,*,#1985,.T.);
#2539=ORIENTED_EDGE('',*,*,#1986,.T.);
#2540=ORIENTED_EDGE('',*,*,#1987,.T.);
#2541=ORIENTED_EDGE('',*,*,#1988,.T.);
#2542=ORIENTED_EDGE('',*,*,#1989,.T.);
#2543=ORIENTED_EDGE('',*,*,#1990,.T.);
#2544=ORIENTED_EDGE('',*,*,#1991,.T.);
#2545=ORIENTED_EDGE('',*,*,#1992,.T.);
#2546=ORIENTED_EDGE('',*,*,#1993,.T.);
#2547=ORIENTED_EDGE('',*,*,#1994,.T.);
#2548=ORIENTED_EDGE('',*,*,#1995,.T.);
#2549=ORIENTED_EDGE('',*,*,#1996,.T.);
#2550=ORIENTED_EDGE('',*,*,#1997,.T.);
#2551=ORIENTED_EDGE('',*,*,#1998,.T.);
#2552=ORIENTED_EDGE('',*,*,#1999,.T.);
#2553=ORIENTED_EDGE('',*,*,#2000,.T.);
#2554=ORIENTED_EDGE('',*,*,#2001,.T.);
#2555=ORIENTED_EDGE('',*,*,#2002,.T.);
#2556=ORIENTED_EDGE('',*,*,#2003,.T.);
#2557=ORIENTED_EDGE('',*,*,#2004,.T.);
#2558=ORIENTED_EDGE('',*,*,#2005,.T.);
#2559=ORIENTED_EDGE('',*,*,#2006,.T.);
#2560=ORIENTED_EDGE('',*,*,#2007,.T.);
#2561=ORIENTED_EDGE('',*,*,#2008,.T.);
#2562=ORIENTED_EDGE('',*,*,#2009,.T.);
#2563=ORIENTED_EDGE('',*,*,#2010,.T.);
#2564=ORIENTED_EDGE('',*,*,#2011,.T.);
#2565=ORIENTED_EDGE('',*,*,#2012,.T.);
#2566=ORIENTED_EDGE('',*,*,#2013,.T.);
#2567=ORIENTED_EDGE('',*,*,#2014,.T.);
#2568=ORIENTED_EDGE('',*,*,#2015,.T.);
#2569=ORIENTED_EDGE('',*,*,#2016,.T.);
#2570=ORIENTED_EDGE('',*,*,#2017,.T.);
#2571=ORIENTED_EDGE('',*,*,#2018,.T.);
#2572=ORIENTED_EDGE('',*,*,#2019,.T.);
#2573=ORIENTED_EDGE('',*,*,#2020,.T.);
#2574=ORIENTED_EDGE('',*,*,#2021,.T.);
#2575=ORIENTED_EDGE('',*,*,#2022,.T.);
#2576=ORIENTED_EDGE('',*,*,#2023,.T.);
#2577=ORIENTED_EDGE('',*,*,#2024,.T.);
#2578=ORIENTED_EDGE('',*,*,#2025,.T.);
#2579=ORIENTED_EDGE('',*,*,#2026,.T.);
#2580=ORIENTED_EDGE('',*,*,#2027,.T.);
#2581=ORIENTED_EDGE('',*,*,#2028,.T.);
#2582=ORIENTED_EDGE('',*,*,#2029,.T.);
#2583=ORIENTED_EDGE('',*,*,#2030,.T.);
#2584=ORIENTED_EDGE('',*,*,#2031,.T.);
#2585=ORIENTED_EDGE('',*,*,#2032,.T.);
#2586=ORIENTED_EDGE('',*,*,#2033,.T.);
#2587=ORIENTED_EDGE('',*,*,#2034,.T.);
#2588=ORIENTED_EDGE('',*,*,#2035,.T.);
#2589=ORIENTED_EDGE('',*,*,#2036,.T.);
#2590=ORIENTED_EDGE('',*,*,#2037,.T.);
#2591=ORIENTED_EDGE('',*,*,#2038,.T.);
#2592=ORIENTED_EDGE('',*,*,#2039,.T.);
#2593=ORIENTED_EDGE('',*,*,#2040,.T.);
#2594=ORIENTED_EDGE('',*,*,#2041,.T.);
#2595=ORIENTED_EDGE('',*,*,#2042,.T.);
#2596=ORIENTED_EDGE('',*,*,#2043,.T.);
#2597=ORIENTED_EDGE('',*,*,#2044,.T.);
#2598=ORIENTED_EDGE('',*,*,#2045,.T.);
#2599=ORIENTED_EDGE('',*,*,#2046,.T.);
#2600=ORIENTED_EDGE('',*,*,#2047,.T.);
#2601=ORIENTED_EDGE('',*,*,#2048,.T.);
#2602=ORIENTED_EDGE('',*,*,#2049,.T.);
#2603=ORIENTED_EDGE('',*,*,#2050,.T.);
#2604=ORIENTED_EDGE('',*,*,#2051,.T.);
#2605=ORIENTED_EDGE('',*,*,#2052,.T.);
#2606=ORIENTED_EDGE('',*,*,#2053,.T.);
#2607=ORIENTED_EDGE('',*,*,#2054,.T.);
#2608=ORIENTED_EDGE('',*,*,#2055,.T.);
#2609=ORIENTED_EDGE('',*,*,#2056,.T.);
#2610=ORIENTED_EDGE('',*,*,#2057,.T.);
#2611=ORIENTED_EDGE('',*,*,#2058,.T.);
#2612=ORIENTED_EDGE('',*,*,#2059,.T.);
#2613=ORIENTED_EDGE('',*,*,#2060,.T.);
#2614=ORIENTED_EDGE('',*,*,#2061,.F.);
#2615=ORIENTED_EDGE('',*,*,#2062,.T.);
#2616=ORIENTED_EDGE('',*,*,#2063,.T.);
#2617=ORIENTED_EDGE('',*,*,#2064,.F.);
#2618=ORIENTED_EDGE('',*,*,#2065,.F.);
#2619=ORIENTED_EDGE('',*,*,#2064,.T.);
#2620=ORIENTED_EDGE('',*,*,#2066,.T.);
#2621=ORIENTED_EDGE('',*,*,#2067,.F.);
#2622=ORIENTED_EDGE('',*,*,#2068,.F.);
#2623=ORIENTED_EDGE('',*,*,#2067,.T.);
#2624=ORIENTED_EDGE('',*,*,#2069,.T.);
#2625=ORIENTED_EDGE('',*,*,#2070,.F.);
#2626=ORIENTED_EDGE('',*,*,#2071,.F.);
#2627=ORIENTED_EDGE('',*,*,#2070,.T.);
#2628=ORIENTED_EDGE('',*,*,#2072,.T.);
#2629=ORIENTED_EDGE('',*,*,#2073,.F.);
#2630=ORIENTED_EDGE('',*,*,#2074,.F.);
#2631=ORIENTED_EDGE('',*,*,#2073,.T.);
#2632=ORIENTED_EDGE('',*,*,#2075,.T.);
#2633=ORIENTED_EDGE('',*,*,#2076,.F.);
#2634=ORIENTED_EDGE('',*,*,#2077,.F.);
#2635=ORIENTED_EDGE('',*,*,#2076,.T.);
#2636=ORIENTED_EDGE('',*,*,#2078,.T.);
#2637=ORIENTED_EDGE('',*,*,#2079,.F.);
#2638=ORIENTED_EDGE('',*,*,#2080,.F.);
#2639=ORIENTED_EDGE('',*,*,#2079,.T.);
#2640=ORIENTED_EDGE('',*,*,#2081,.T.);
#2641=ORIENTED_EDGE('',*,*,#2082,.F.);
#2642=ORIENTED_EDGE('',*,*,#2083,.F.);
#2643=ORIENTED_EDGE('',*,*,#2082,.T.);
#2644=ORIENTED_EDGE('',*,*,#2084,.T.);
#2645=ORIENTED_EDGE('',*,*,#2085,.F.);
#2646=ORIENTED_EDGE('',*,*,#2086,.F.);
#2647=ORIENTED_EDGE('',*,*,#2085,.T.);
#2648=ORIENTED_EDGE('',*,*,#2087,.T.);
#2649=ORIENTED_EDGE('',*,*,#2088,.F.);
#2650=ORIENTED_EDGE('',*,*,#2089,.F.);
#2651=ORIENTED_EDGE('',*,*,#2088,.T.);
#2652=ORIENTED_EDGE('',*,*,#2090,.T.);
#2653=ORIENTED_EDGE('',*,*,#2091,.F.);
#2654=ORIENTED_EDGE('',*,*,#2092,.F.);
#2655=ORIENTED_EDGE('',*,*,#2091,.T.);
#2656=ORIENTED_EDGE('',*,*,#2093,.T.);
#2657=ORIENTED_EDGE('',*,*,#2094,.F.);
#2658=ORIENTED_EDGE('',*,*,#2095,.F.);
#2659=ORIENTED_EDGE('',*,*,#2096,.T.);
#2660=ORIENTED_EDGE('',*,*,#2097,.T.);
#2661=ORIENTED_EDGE('',*,*,#2062,.F.);
#2662=ORIENTED_EDGE('',*,*,#2098,.F.);
#2663=ORIENTED_EDGE('',*,*,#2099,.T.);
#2664=ORIENTED_EDGE('',*,*,#2100,.T.);
#2665=ORIENTED_EDGE('',*,*,#2096,.F.);
#2666=ORIENTED_EDGE('',*,*,#2101,.F.);
#2667=ORIENTED_EDGE('',*,*,#2102,.T.);
#2668=ORIENTED_EDGE('',*,*,#2103,.T.);
#2669=ORIENTED_EDGE('',*,*,#2099,.F.);
#2670=ORIENTED_EDGE('',*,*,#2104,.F.);
#2671=ORIENTED_EDGE('',*,*,#2105,.T.);
#2672=ORIENTED_EDGE('',*,*,#2106,.T.);
#2673=ORIENTED_EDGE('',*,*,#2102,.F.);
#2674=ORIENTED_EDGE('',*,*,#2107,.F.);
#2675=ORIENTED_EDGE('',*,*,#2108,.T.);
#2676=ORIENTED_EDGE('',*,*,#2109,.T.);
#2677=ORIENTED_EDGE('',*,*,#2105,.F.);
#2678=ORIENTED_EDGE('',*,*,#2110,.F.);
#2679=ORIENTED_EDGE('',*,*,#2111,.T.);
#2680=ORIENTED_EDGE('',*,*,#2112,.T.);
#2681=ORIENTED_EDGE('',*,*,#2108,.F.);
#2682=ORIENTED_EDGE('',*,*,#2113,.F.);
#2683=ORIENTED_EDGE('',*,*,#2114,.T.);
#2684=ORIENTED_EDGE('',*,*,#2115,.T.);
#2685=ORIENTED_EDGE('',*,*,#2111,.F.);
#2686=ORIENTED_EDGE('',*,*,#2116,.F.);
#2687=ORIENTED_EDGE('',*,*,#2117,.T.);
#2688=ORIENTED_EDGE('',*,*,#2118,.T.);
#2689=ORIENTED_EDGE('',*,*,#2114,.F.);
#2690=ORIENTED_EDGE('',*,*,#2119,.F.);
#2691=ORIENTED_EDGE('',*,*,#2094,.T.);
#2692=ORIENTED_EDGE('',*,*,#2120,.T.);
#2693=ORIENTED_EDGE('',*,*,#2117,.F.);
#2694=ORIENTED_EDGE('',*,*,#2120,.F.);
#2695=ORIENTED_EDGE('',*,*,#2093,.F.);
#2696=ORIENTED_EDGE('',*,*,#2090,.F.);
#2697=ORIENTED_EDGE('',*,*,#2087,.F.);
#2698=ORIENTED_EDGE('',*,*,#2084,.F.);
#2699=ORIENTED_EDGE('',*,*,#2081,.F.);
#2700=ORIENTED_EDGE('',*,*,#2078,.F.);
#2701=ORIENTED_EDGE('',*,*,#2075,.F.);
#2702=ORIENTED_EDGE('',*,*,#2072,.F.);
#2703=ORIENTED_EDGE('',*,*,#2069,.F.);
#2704=ORIENTED_EDGE('',*,*,#2066,.F.);
#2705=ORIENTED_EDGE('',*,*,#2063,.F.);
#2706=ORIENTED_EDGE('',*,*,#2097,.F.);
#2707=ORIENTED_EDGE('',*,*,#2100,.F.);
#2708=ORIENTED_EDGE('',*,*,#2103,.F.);
#2709=ORIENTED_EDGE('',*,*,#2106,.F.);
#2710=ORIENTED_EDGE('',*,*,#2109,.F.);
#2711=ORIENTED_EDGE('',*,*,#2112,.F.);
#2712=ORIENTED_EDGE('',*,*,#2115,.F.);
#2713=ORIENTED_EDGE('',*,*,#2118,.F.);
#2714=ORIENTED_EDGE('',*,*,#2121,.F.);
#2715=ORIENTED_EDGE('',*,*,#2122,.T.);
#2716=ORIENTED_EDGE('',*,*,#2123,.T.);
#2717=ORIENTED_EDGE('',*,*,#2124,.F.);
#2718=ORIENTED_EDGE('',*,*,#2125,.F.);
#2719=ORIENTED_EDGE('',*,*,#2124,.T.);
#2720=ORIENTED_EDGE('',*,*,#2126,.T.);
#2721=ORIENTED_EDGE('',*,*,#2127,.F.);
#2722=ORIENTED_EDGE('',*,*,#2128,.F.);
#2723=ORIENTED_EDGE('',*,*,#2127,.T.);
#2724=ORIENTED_EDGE('',*,*,#2129,.T.);
#2725=ORIENTED_EDGE('',*,*,#2130,.F.);
#2726=ORIENTED_EDGE('',*,*,#2131,.F.);
#2727=ORIENTED_EDGE('',*,*,#2130,.T.);
#2728=ORIENTED_EDGE('',*,*,#2132,.T.);
#2729=ORIENTED_EDGE('',*,*,#2133,.F.);
#2730=ORIENTED_EDGE('',*,*,#2134,.F.);
#2731=ORIENTED_EDGE('',*,*,#2133,.T.);
#2732=ORIENTED_EDGE('',*,*,#2135,.T.);
#2733=ORIENTED_EDGE('',*,*,#2136,.F.);
#2734=ORIENTED_EDGE('',*,*,#2137,.F.);
#2735=ORIENTED_EDGE('',*,*,#2136,.T.);
#2736=ORIENTED_EDGE('',*,*,#2138,.T.);
#2737=ORIENTED_EDGE('',*,*,#2139,.F.);
#2738=ORIENTED_EDGE('',*,*,#2140,.F.);
#2739=ORIENTED_EDGE('',*,*,#2139,.T.);
#2740=ORIENTED_EDGE('',*,*,#2141,.T.);
#2741=ORIENTED_EDGE('',*,*,#2142,.F.);
#2742=ORIENTED_EDGE('',*,*,#2143,.F.);
#2743=ORIENTED_EDGE('',*,*,#2142,.T.);
#2744=ORIENTED_EDGE('',*,*,#2144,.T.);
#2745=ORIENTED_EDGE('',*,*,#2145,.F.);
#2746=ORIENTED_EDGE('',*,*,#2146,.F.);
#2747=ORIENTED_EDGE('',*,*,#2145,.T.);
#2748=ORIENTED_EDGE('',*,*,#2147,.T.);
#2749=ORIENTED_EDGE('',*,*,#2148,.F.);
#2750=ORIENTED_EDGE('',*,*,#2149,.F.);
#2751=ORIENTED_EDGE('',*,*,#2148,.T.);
#2752=ORIENTED_EDGE('',*,*,#2150,.T.);
#2753=ORIENTED_EDGE('',*,*,#2151,.F.);
#2754=ORIENTED_EDGE('',*,*,#2152,.F.);
#2755=ORIENTED_EDGE('',*,*,#2151,.T.);
#2756=ORIENTED_EDGE('',*,*,#2153,.T.);
#2757=ORIENTED_EDGE('',*,*,#2154,.F.);
#2758=ORIENTED_EDGE('',*,*,#2155,.F.);
#2759=ORIENTED_EDGE('',*,*,#2156,.T.);
#2760=ORIENTED_EDGE('',*,*,#2157,.T.);
#2761=ORIENTED_EDGE('',*,*,#2122,.F.);
#2762=ORIENTED_EDGE('',*,*,#2158,.F.);
#2763=ORIENTED_EDGE('',*,*,#2159,.T.);
#2764=ORIENTED_EDGE('',*,*,#2160,.T.);
#2765=ORIENTED_EDGE('',*,*,#2156,.F.);
#2766=ORIENTED_EDGE('',*,*,#2161,.F.);
#2767=ORIENTED_EDGE('',*,*,#2162,.T.);
#2768=ORIENTED_EDGE('',*,*,#2163,.T.);
#2769=ORIENTED_EDGE('',*,*,#2159,.F.);
#2770=ORIENTED_EDGE('',*,*,#2164,.F.);
#2771=ORIENTED_EDGE('',*,*,#2165,.T.);
#2772=ORIENTED_EDGE('',*,*,#2166,.T.);
#2773=ORIENTED_EDGE('',*,*,#2162,.F.);
#2774=ORIENTED_EDGE('',*,*,#2167,.F.);
#2775=ORIENTED_EDGE('',*,*,#2168,.T.);
#2776=ORIENTED_EDGE('',*,*,#2169,.T.);
#2777=ORIENTED_EDGE('',*,*,#2165,.F.);
#2778=ORIENTED_EDGE('',*,*,#2170,.F.);
#2779=ORIENTED_EDGE('',*,*,#2171,.T.);
#2780=ORIENTED_EDGE('',*,*,#2172,.T.);
#2781=ORIENTED_EDGE('',*,*,#2168,.F.);
#2782=ORIENTED_EDGE('',*,*,#2173,.F.);
#2783=ORIENTED_EDGE('',*,*,#2174,.T.);
#2784=ORIENTED_EDGE('',*,*,#2175,.T.);
#2785=ORIENTED_EDGE('',*,*,#2171,.F.);
#2786=ORIENTED_EDGE('',*,*,#2176,.F.);
#2787=ORIENTED_EDGE('',*,*,#2177,.T.);
#2788=ORIENTED_EDGE('',*,*,#2178,.T.);
#2789=ORIENTED_EDGE('',*,*,#2174,.F.);
#2790=ORIENTED_EDGE('',*,*,#2179,.F.);
#2791=ORIENTED_EDGE('',*,*,#2154,.T.);
#2792=ORIENTED_EDGE('',*,*,#2180,.T.);
#2793=ORIENTED_EDGE('',*,*,#2177,.F.);
#2794=ORIENTED_EDGE('',*,*,#2180,.F.);
#2795=ORIENTED_EDGE('',*,*,#2153,.F.);
#2796=ORIENTED_EDGE('',*,*,#2150,.F.);
#2797=ORIENTED_EDGE('',*,*,#2147,.F.);
#2798=ORIENTED_EDGE('',*,*,#2144,.F.);
#2799=ORIENTED_EDGE('',*,*,#2141,.F.);
#2800=ORIENTED_EDGE('',*,*,#2138,.F.);
#2801=ORIENTED_EDGE('',*,*,#2135,.F.);
#2802=ORIENTED_EDGE('',*,*,#2132,.F.);
#2803=ORIENTED_EDGE('',*,*,#2129,.F.);
#2804=ORIENTED_EDGE('',*,*,#2126,.F.);
#2805=ORIENTED_EDGE('',*,*,#2123,.F.);
#2806=ORIENTED_EDGE('',*,*,#2157,.F.);
#2807=ORIENTED_EDGE('',*,*,#2160,.F.);
#2808=ORIENTED_EDGE('',*,*,#2163,.F.);
#2809=ORIENTED_EDGE('',*,*,#2166,.F.);
#2810=ORIENTED_EDGE('',*,*,#2169,.F.);
#2811=ORIENTED_EDGE('',*,*,#2172,.F.);
#2812=ORIENTED_EDGE('',*,*,#2175,.F.);
#2813=ORIENTED_EDGE('',*,*,#2178,.F.);
#2814=ORIENTED_EDGE('',*,*,#2181,.F.);
#2815=ORIENTED_EDGE('',*,*,#2182,.T.);
#2816=ORIENTED_EDGE('',*,*,#2183,.T.);
#2817=ORIENTED_EDGE('',*,*,#2184,.F.);
#2818=ORIENTED_EDGE('',*,*,#2185,.F.);
#2819=ORIENTED_EDGE('',*,*,#2184,.T.);
#2820=ORIENTED_EDGE('',*,*,#2186,.T.);
#2821=ORIENTED_EDGE('',*,*,#2187,.F.);
#2822=ORIENTED_EDGE('',*,*,#2188,.F.);
#2823=ORIENTED_EDGE('',*,*,#2187,.T.);
#2824=ORIENTED_EDGE('',*,*,#2189,.T.);
#2825=ORIENTED_EDGE('',*,*,#2190,.F.);
#2826=ORIENTED_EDGE('',*,*,#2191,.F.);
#2827=ORIENTED_EDGE('',*,*,#2190,.T.);
#2828=ORIENTED_EDGE('',*,*,#2192,.T.);
#2829=ORIENTED_EDGE('',*,*,#2193,.F.);
#2830=ORIENTED_EDGE('',*,*,#2194,.F.);
#2831=ORIENTED_EDGE('',*,*,#2193,.T.);
#2832=ORIENTED_EDGE('',*,*,#2195,.T.);
#2833=ORIENTED_EDGE('',*,*,#2196,.F.);
#2834=ORIENTED_EDGE('',*,*,#2197,.F.);
#2835=ORIENTED_EDGE('',*,*,#2196,.T.);
#2836=ORIENTED_EDGE('',*,*,#2198,.T.);
#2837=ORIENTED_EDGE('',*,*,#2199,.F.);
#2838=ORIENTED_EDGE('',*,*,#2200,.F.);
#2839=ORIENTED_EDGE('',*,*,#2199,.T.);
#2840=ORIENTED_EDGE('',*,*,#2201,.T.);
#2841=ORIENTED_EDGE('',*,*,#2202,.F.);
#2842=ORIENTED_EDGE('',*,*,#2203,.F.);
#2843=ORIENTED_EDGE('',*,*,#2202,.T.);
#2844=ORIENTED_EDGE('',*,*,#2204,.T.);
#2845=ORIENTED_EDGE('',*,*,#2205,.F.);
#2846=ORIENTED_EDGE('',*,*,#2206,.F.);
#2847=ORIENTED_EDGE('',*,*,#2205,.T.);
#2848=ORIENTED_EDGE('',*,*,#2207,.T.);
#2849=ORIENTED_EDGE('',*,*,#2208,.F.);
#2850=ORIENTED_EDGE('',*,*,#2209,.F.);
#2851=ORIENTED_EDGE('',*,*,#2208,.T.);
#2852=ORIENTED_EDGE('',*,*,#2210,.T.);
#2853=ORIENTED_EDGE('',*,*,#2211,.F.);
#2854=ORIENTED_EDGE('',*,*,#2212,.F.);
#2855=ORIENTED_EDGE('',*,*,#2211,.T.);
#2856=ORIENTED_EDGE('',*,*,#2213,.T.);
#2857=ORIENTED_EDGE('',*,*,#2214,.F.);
#2858=ORIENTED_EDGE('',*,*,#2215,.F.);
#2859=ORIENTED_EDGE('',*,*,#2216,.T.);
#2860=ORIENTED_EDGE('',*,*,#2217,.T.);
#2861=ORIENTED_EDGE('',*,*,#2182,.F.);
#2862=ORIENTED_EDGE('',*,*,#2218,.F.);
#2863=ORIENTED_EDGE('',*,*,#2219,.T.);
#2864=ORIENTED_EDGE('',*,*,#2220,.T.);
#2865=ORIENTED_EDGE('',*,*,#2216,.F.);
#2866=ORIENTED_EDGE('',*,*,#2221,.F.);
#2867=ORIENTED_EDGE('',*,*,#2222,.T.);
#2868=ORIENTED_EDGE('',*,*,#2223,.T.);
#2869=ORIENTED_EDGE('',*,*,#2219,.F.);
#2870=ORIENTED_EDGE('',*,*,#2224,.F.);
#2871=ORIENTED_EDGE('',*,*,#2225,.T.);
#2872=ORIENTED_EDGE('',*,*,#2226,.T.);
#2873=ORIENTED_EDGE('',*,*,#2222,.F.);
#2874=ORIENTED_EDGE('',*,*,#2227,.F.);
#2875=ORIENTED_EDGE('',*,*,#2228,.T.);
#2876=ORIENTED_EDGE('',*,*,#2229,.T.);
#2877=ORIENTED_EDGE('',*,*,#2225,.F.);
#2878=ORIENTED_EDGE('',*,*,#2230,.F.);
#2879=ORIENTED_EDGE('',*,*,#2231,.T.);
#2880=ORIENTED_EDGE('',*,*,#2232,.T.);
#2881=ORIENTED_EDGE('',*,*,#2228,.F.);
#2882=ORIENTED_EDGE('',*,*,#2233,.F.);
#2883=ORIENTED_EDGE('',*,*,#2234,.T.);
#2884=ORIENTED_EDGE('',*,*,#2235,.T.);
#2885=ORIENTED_EDGE('',*,*,#2231,.F.);
#2886=ORIENTED_EDGE('',*,*,#2236,.F.);
#2887=ORIENTED_EDGE('',*,*,#2237,.T.);
#2888=ORIENTED_EDGE('',*,*,#2238,.T.);
#2889=ORIENTED_EDGE('',*,*,#2234,.F.);
#2890=ORIENTED_EDGE('',*,*,#2239,.F.);
#2891=ORIENTED_EDGE('',*,*,#2214,.T.);
#2892=ORIENTED_EDGE('',*,*,#2240,.T.);
#2893=ORIENTED_EDGE('',*,*,#2237,.F.);
#2894=ORIENTED_EDGE('',*,*,#2240,.F.);
#2895=ORIENTED_EDGE('',*,*,#2213,.F.);
#2896=ORIENTED_EDGE('',*,*,#2210,.F.);
#2897=ORIENTED_EDGE('',*,*,#2207,.F.);
#2898=ORIENTED_EDGE('',*,*,#2204,.F.);
#2899=ORIENTED_EDGE('',*,*,#2201,.F.);
#2900=ORIENTED_EDGE('',*,*,#2198,.F.);
#2901=ORIENTED_EDGE('',*,*,#2195,.F.);
#2902=ORIENTED_EDGE('',*,*,#2192,.F.);
#2903=ORIENTED_EDGE('',*,*,#2189,.F.);
#2904=ORIENTED_EDGE('',*,*,#2186,.F.);
#2905=ORIENTED_EDGE('',*,*,#2183,.F.);
#2906=ORIENTED_EDGE('',*,*,#2217,.F.);
#2907=ORIENTED_EDGE('',*,*,#2220,.F.);
#2908=ORIENTED_EDGE('',*,*,#2223,.F.);
#2909=ORIENTED_EDGE('',*,*,#2226,.F.);
#2910=ORIENTED_EDGE('',*,*,#2229,.F.);
#2911=ORIENTED_EDGE('',*,*,#2232,.F.);
#2912=ORIENTED_EDGE('',*,*,#2235,.F.);
#2913=ORIENTED_EDGE('',*,*,#2238,.F.);
#2914=ORIENTED_EDGE('',*,*,#2241,.F.);
#2915=ORIENTED_EDGE('',*,*,#2242,.T.);
#2916=ORIENTED_EDGE('',*,*,#2243,.T.);
#2917=ORIENTED_EDGE('',*,*,#2244,.F.);
#2918=ORIENTED_EDGE('',*,*,#2245,.F.);
#2919=ORIENTED_EDGE('',*,*,#2244,.T.);
#2920=ORIENTED_EDGE('',*,*,#2246,.T.);
#2921=ORIENTED_EDGE('',*,*,#2247,.F.);
#2922=ORIENTED_EDGE('',*,*,#2248,.F.);
#2923=ORIENTED_EDGE('',*,*,#2247,.T.);
#2924=ORIENTED_EDGE('',*,*,#2249,.T.);
#2925=ORIENTED_EDGE('',*,*,#2250,.F.);
#2926=ORIENTED_EDGE('',*,*,#2251,.F.);
#2927=ORIENTED_EDGE('',*,*,#2250,.T.);
#2928=ORIENTED_EDGE('',*,*,#2252,.T.);
#2929=ORIENTED_EDGE('',*,*,#2253,.F.);
#2930=ORIENTED_EDGE('',*,*,#2254,.F.);
#2931=ORIENTED_EDGE('',*,*,#2253,.T.);
#2932=ORIENTED_EDGE('',*,*,#2255,.T.);
#2933=ORIENTED_EDGE('',*,*,#2256,.F.);
#2934=ORIENTED_EDGE('',*,*,#2257,.F.);
#2935=ORIENTED_EDGE('',*,*,#2256,.T.);
#2936=ORIENTED_EDGE('',*,*,#2258,.T.);
#2937=ORIENTED_EDGE('',*,*,#2259,.F.);
#2938=ORIENTED_EDGE('',*,*,#2260,.F.);
#2939=ORIENTED_EDGE('',*,*,#2259,.T.);
#2940=ORIENTED_EDGE('',*,*,#2261,.T.);
#2941=ORIENTED_EDGE('',*,*,#2262,.F.);
#2942=ORIENTED_EDGE('',*,*,#2263,.F.);
#2943=ORIENTED_EDGE('',*,*,#2262,.T.);
#2944=ORIENTED_EDGE('',*,*,#2264,.T.);
#2945=ORIENTED_EDGE('',*,*,#2265,.F.);
#2946=ORIENTED_EDGE('',*,*,#2266,.F.);
#2947=ORIENTED_EDGE('',*,*,#2265,.T.);
#2948=ORIENTED_EDGE('',*,*,#2267,.T.);
#2949=ORIENTED_EDGE('',*,*,#2268,.F.);
#2950=ORIENTED_EDGE('',*,*,#2269,.F.);
#2951=ORIENTED_EDGE('',*,*,#2268,.T.);
#2952=ORIENTED_EDGE('',*,*,#2270,.T.);
#2953=ORIENTED_EDGE('',*,*,#2271,.F.);
#2954=ORIENTED_EDGE('',*,*,#2272,.F.);
#2955=ORIENTED_EDGE('',*,*,#2271,.T.);
#2956=ORIENTED_EDGE('',*,*,#2273,.T.);
#2957=ORIENTED_EDGE('',*,*,#2274,.F.);
#2958=ORIENTED_EDGE('',*,*,#2275,.F.);
#2959=ORIENTED_EDGE('',*,*,#2276,.T.);
#2960=ORIENTED_EDGE('',*,*,#2277,.T.);
#2961=ORIENTED_EDGE('',*,*,#2242,.F.);
#2962=ORIENTED_EDGE('',*,*,#2278,.F.);
#2963=ORIENTED_EDGE('',*,*,#2279,.T.);
#2964=ORIENTED_EDGE('',*,*,#2280,.T.);
#2965=ORIENTED_EDGE('',*,*,#2276,.F.);
#2966=ORIENTED_EDGE('',*,*,#2281,.F.);
#2967=ORIENTED_EDGE('',*,*,#2282,.T.);
#2968=ORIENTED_EDGE('',*,*,#2283,.T.);
#2969=ORIENTED_EDGE('',*,*,#2279,.F.);
#2970=ORIENTED_EDGE('',*,*,#2284,.F.);
#2971=ORIENTED_EDGE('',*,*,#2285,.T.);
#2972=ORIENTED_EDGE('',*,*,#2286,.T.);
#2973=ORIENTED_EDGE('',*,*,#2282,.F.);
#2974=ORIENTED_EDGE('',*,*,#2287,.F.);
#2975=ORIENTED_EDGE('',*,*,#2288,.T.);
#2976=ORIENTED_EDGE('',*,*,#2289,.T.);
#2977=ORIENTED_EDGE('',*,*,#2285,.F.);
#2978=ORIENTED_EDGE('',*,*,#2290,.F.);
#2979=ORIENTED_EDGE('',*,*,#2291,.T.);
#2980=ORIENTED_EDGE('',*,*,#2292,.T.);
#2981=ORIENTED_EDGE('',*,*,#2288,.F.);
#2982=ORIENTED_EDGE('',*,*,#2293,.F.);
#2983=ORIENTED_EDGE('',*,*,#2294,.T.);
#2984=ORIENTED_EDGE('',*,*,#2295,.T.);
#2985=ORIENTED_EDGE('',*,*,#2291,.F.);
#2986=ORIENTED_EDGE('',*,*,#2296,.F.);
#2987=ORIENTED_EDGE('',*,*,#2297,.T.);
#2988=ORIENTED_EDGE('',*,*,#2298,.T.);
#2989=ORIENTED_EDGE('',*,*,#2294,.F.);
#2990=ORIENTED_EDGE('',*,*,#2299,.F.);
#2991=ORIENTED_EDGE('',*,*,#2274,.T.);
#2992=ORIENTED_EDGE('',*,*,#2300,.T.);
#2993=ORIENTED_EDGE('',*,*,#2297,.F.);
#2994=ORIENTED_EDGE('',*,*,#2300,.F.);
#2995=ORIENTED_EDGE('',*,*,#2273,.F.);
#2996=ORIENTED_EDGE('',*,*,#2270,.F.);
#2997=ORIENTED_EDGE('',*,*,#2267,.F.);
#2998=ORIENTED_EDGE('',*,*,#2264,.F.);
#2999=ORIENTED_EDGE('',*,*,#2261,.F.);
#3000=ORIENTED_EDGE('',*,*,#2258,.F.);
#3001=ORIENTED_EDGE('',*,*,#2255,.F.);
#3002=ORIENTED_EDGE('',*,*,#2252,.F.);
#3003=ORIENTED_EDGE('',*,*,#2249,.F.);
#3004=ORIENTED_EDGE('',*,*,#2246,.F.);
#3005=ORIENTED_EDGE('',*,*,#2243,.F.);
#3006=ORIENTED_EDGE('',*,*,#2277,.F.);
#3007=ORIENTED_EDGE('',*,*,#2280,.F.);
#3008=ORIENTED_EDGE('',*,*,#2283,.F.);
#3009=ORIENTED_EDGE('',*,*,#2286,.F.);
#3010=ORIENTED_EDGE('',*,*,#2289,.F.);
#3011=ORIENTED_EDGE('',*,*,#2292,.F.);
#3012=ORIENTED_EDGE('',*,*,#2295,.F.);
#3013=ORIENTED_EDGE('',*,*,#2298,.F.);
#3014=ORIENTED_EDGE('',*,*,#2301,.F.);
#3015=ORIENTED_EDGE('',*,*,#2152,.T.);
#3016=ORIENTED_EDGE('',*,*,#2179,.T.);
#3017=ORIENTED_EDGE('',*,*,#2176,.T.);
#3018=ORIENTED_EDGE('',*,*,#2173,.T.);
#3019=ORIENTED_EDGE('',*,*,#2170,.T.);
#3020=ORIENTED_EDGE('',*,*,#2167,.T.);
#3021=ORIENTED_EDGE('',*,*,#2164,.T.);
#3022=ORIENTED_EDGE('',*,*,#2161,.T.);
#3023=ORIENTED_EDGE('',*,*,#2158,.T.);
#3024=ORIENTED_EDGE('',*,*,#2155,.T.);
#3025=ORIENTED_EDGE('',*,*,#2121,.T.);
#3026=ORIENTED_EDGE('',*,*,#2125,.T.);
#3027=ORIENTED_EDGE('',*,*,#2128,.T.);
#3028=ORIENTED_EDGE('',*,*,#2131,.T.);
#3029=ORIENTED_EDGE('',*,*,#2134,.T.);
#3030=ORIENTED_EDGE('',*,*,#2137,.T.);
#3031=ORIENTED_EDGE('',*,*,#2140,.T.);
#3032=ORIENTED_EDGE('',*,*,#2143,.T.);
#3033=ORIENTED_EDGE('',*,*,#2146,.T.);
#3034=ORIENTED_EDGE('',*,*,#2149,.T.);
#3035=ORIENTED_EDGE('',*,*,#2302,.F.);
#3036=ORIENTED_EDGE('',*,*,#2092,.T.);
#3037=ORIENTED_EDGE('',*,*,#2119,.T.);
#3038=ORIENTED_EDGE('',*,*,#2116,.T.);
#3039=ORIENTED_EDGE('',*,*,#2113,.T.);
#3040=ORIENTED_EDGE('',*,*,#2110,.T.);
#3041=ORIENTED_EDGE('',*,*,#2107,.T.);
#3042=ORIENTED_EDGE('',*,*,#2104,.T.);
#3043=ORIENTED_EDGE('',*,*,#2101,.T.);
#3044=ORIENTED_EDGE('',*,*,#2098,.T.);
#3045=ORIENTED_EDGE('',*,*,#2095,.T.);
#3046=ORIENTED_EDGE('',*,*,#2061,.T.);
#3047=ORIENTED_EDGE('',*,*,#2065,.T.);
#3048=ORIENTED_EDGE('',*,*,#2068,.T.);
#3049=ORIENTED_EDGE('',*,*,#2071,.T.);
#3050=ORIENTED_EDGE('',*,*,#2074,.T.);
#3051=ORIENTED_EDGE('',*,*,#2077,.T.);
#3052=ORIENTED_EDGE('',*,*,#2080,.T.);
#3053=ORIENTED_EDGE('',*,*,#2083,.T.);
#3054=ORIENTED_EDGE('',*,*,#2086,.T.);
#3055=ORIENTED_EDGE('',*,*,#2089,.T.);
#3056=ORIENTED_EDGE('',*,*,#2303,.F.);
#3057=ORIENTED_EDGE('',*,*,#2272,.T.);
#3058=ORIENTED_EDGE('',*,*,#2299,.T.);
#3059=ORIENTED_EDGE('',*,*,#2296,.T.);
#3060=ORIENTED_EDGE('',*,*,#2293,.T.);
#3061=ORIENTED_EDGE('',*,*,#2290,.T.);
#3062=ORIENTED_EDGE('',*,*,#2287,.T.);
#3063=ORIENTED_EDGE('',*,*,#2284,.T.);
#3064=ORIENTED_EDGE('',*,*,#2281,.T.);
#3065=ORIENTED_EDGE('',*,*,#2278,.T.);
#3066=ORIENTED_EDGE('',*,*,#2275,.T.);
#3067=ORIENTED_EDGE('',*,*,#2241,.T.);
#3068=ORIENTED_EDGE('',*,*,#2245,.T.);
#3069=ORIENTED_EDGE('',*,*,#2248,.T.);
#3070=ORIENTED_EDGE('',*,*,#2251,.T.);
#3071=ORIENTED_EDGE('',*,*,#2254,.T.);
#3072=ORIENTED_EDGE('',*,*,#2257,.T.);
#3073=ORIENTED_EDGE('',*,*,#2260,.T.);
#3074=ORIENTED_EDGE('',*,*,#2263,.T.);
#3075=ORIENTED_EDGE('',*,*,#2266,.T.);
#3076=ORIENTED_EDGE('',*,*,#2269,.T.);
#3077=ORIENTED_EDGE('',*,*,#2304,.F.);
#3078=ORIENTED_EDGE('',*,*,#2212,.T.);
#3079=ORIENTED_EDGE('',*,*,#2239,.T.);
#3080=ORIENTED_EDGE('',*,*,#2236,.T.);
#3081=ORIENTED_EDGE('',*,*,#2233,.T.);
#3082=ORIENTED_EDGE('',*,*,#2230,.T.);
#3083=ORIENTED_EDGE('',*,*,#2227,.T.);
#3084=ORIENTED_EDGE('',*,*,#2224,.T.);
#3085=ORIENTED_EDGE('',*,*,#2221,.T.);
#3086=ORIENTED_EDGE('',*,*,#2218,.T.);
#3087=ORIENTED_EDGE('',*,*,#2215,.T.);
#3088=ORIENTED_EDGE('',*,*,#2181,.T.);
#3089=ORIENTED_EDGE('',*,*,#2185,.T.);
#3090=ORIENTED_EDGE('',*,*,#2188,.T.);
#3091=ORIENTED_EDGE('',*,*,#2191,.T.);
#3092=ORIENTED_EDGE('',*,*,#2194,.T.);
#3093=ORIENTED_EDGE('',*,*,#2197,.T.);
#3094=ORIENTED_EDGE('',*,*,#2200,.T.);
#3095=ORIENTED_EDGE('',*,*,#2203,.T.);
#3096=ORIENTED_EDGE('',*,*,#2206,.T.);
#3097=ORIENTED_EDGE('',*,*,#2209,.T.);
#3098=ORIENTED_EDGE('',*,*,#1972,.F.);
#3099=ORIENTED_EDGE('',*,*,#2305,.T.);
#3100=ORIENTED_EDGE('',*,*,#2302,.T.);
#3101=ORIENTED_EDGE('',*,*,#2305,.F.);
#3102=ORIENTED_EDGE('',*,*,#1971,.F.);
#3103=ORIENTED_EDGE('',*,*,#2306,.T.);
#3104=ORIENTED_EDGE('',*,*,#2301,.T.);
#3105=ORIENTED_EDGE('',*,*,#2306,.F.);
#3106=ORIENTED_EDGE('',*,*,#1970,.F.);
#3107=ORIENTED_EDGE('',*,*,#2307,.T.);
#3108=ORIENTED_EDGE('',*,*,#2304,.T.);
#3109=ORIENTED_EDGE('',*,*,#2307,.F.);
#3110=ORIENTED_EDGE('',*,*,#1969,.F.);
#3111=ORIENTED_EDGE('',*,*,#2308,.T.);
#3112=ORIENTED_EDGE('',*,*,#2303,.T.);
#3113=ORIENTED_EDGE('',*,*,#2308,.F.);
#3114=ORIENTED_EDGE('',*,*,#2309,.T.);
#3115=ORIENTED_EDGE('',*,*,#1913,.T.);
#3116=ORIENTED_EDGE('',*,*,#2310,.T.);
#3117=ORIENTED_EDGE('',*,*,#1977,.F.);
#3118=ORIENTED_EDGE('',*,*,#2311,.T.);
#3119=ORIENTED_EDGE('',*,*,#1914,.T.);
#3120=ORIENTED_EDGE('',*,*,#2309,.F.);
#3121=ORIENTED_EDGE('',*,*,#2060,.F.);
#3122=ORIENTED_EDGE('',*,*,#2312,.T.);
#3123=ORIENTED_EDGE('',*,*,#1915,.T.);
#3124=ORIENTED_EDGE('',*,*,#2311,.F.);
#3125=ORIENTED_EDGE('',*,*,#2059,.F.);
#3126=ORIENTED_EDGE('',*,*,#2313,.T.);
#3127=ORIENTED_EDGE('',*,*,#1916,.T.);
#3128=ORIENTED_EDGE('',*,*,#2312,.F.);
#3129=ORIENTED_EDGE('',*,*,#2058,.F.);
#3130=ORIENTED_EDGE('',*,*,#2314,.T.);
#3131=ORIENTED_EDGE('',*,*,#1917,.T.);
#3132=ORIENTED_EDGE('',*,*,#2313,.F.);
#3133=ORIENTED_EDGE('',*,*,#2057,.F.);
#3134=ORIENTED_EDGE('',*,*,#2315,.T.);
#3135=ORIENTED_EDGE('',*,*,#1918,.T.);
#3136=ORIENTED_EDGE('',*,*,#2314,.F.);
#3137=ORIENTED_EDGE('',*,*,#2056,.F.);
#3138=ORIENTED_EDGE('',*,*,#2316,.T.);
#3139=ORIENTED_EDGE('',*,*,#1919,.T.);
#3140=ORIENTED_EDGE('',*,*,#2315,.F.);
#3141=ORIENTED_EDGE('',*,*,#2055,.F.);
#3142=ORIENTED_EDGE('',*,*,#2317,.T.);
#3143=ORIENTED_EDGE('',*,*,#1920,.T.);
#3144=ORIENTED_EDGE('',*,*,#2316,.F.);
#3145=ORIENTED_EDGE('',*,*,#2054,.F.);
#3146=ORIENTED_EDGE('',*,*,#2318,.T.);
#3147=ORIENTED_EDGE('',*,*,#1921,.T.);
#3148=ORIENTED_EDGE('',*,*,#2317,.F.);
#3149=ORIENTED_EDGE('',*,*,#2053,.F.);
#3150=ORIENTED_EDGE('',*,*,#2319,.T.);
#3151=ORIENTED_EDGE('',*,*,#1922,.T.);
#3152=ORIENTED_EDGE('',*,*,#2318,.F.);
#3153=ORIENTED_EDGE('',*,*,#2052,.F.);
#3154=ORIENTED_EDGE('',*,*,#2320,.T.);
#3155=ORIENTED_EDGE('',*,*,#1923,.T.);
#3156=ORIENTED_EDGE('',*,*,#2319,.F.);
#3157=ORIENTED_EDGE('',*,*,#2051,.F.);
#3158=ORIENTED_EDGE('',*,*,#2321,.T.);
#3159=ORIENTED_EDGE('',*,*,#1924,.T.);
#3160=ORIENTED_EDGE('',*,*,#2320,.F.);
#3161=ORIENTED_EDGE('',*,*,#2050,.F.);
#3162=ORIENTED_EDGE('',*,*,#2322,.T.);
#3163=ORIENTED_EDGE('',*,*,#1925,.T.);
#3164=ORIENTED_EDGE('',*,*,#2321,.F.);
#3165=ORIENTED_EDGE('',*,*,#2049,.F.);
#3166=ORIENTED_EDGE('',*,*,#2323,.T.);
#3167=ORIENTED_EDGE('',*,*,#1926,.T.);
#3168=ORIENTED_EDGE('',*,*,#2322,.F.);
#3169=ORIENTED_EDGE('',*,*,#2048,.F.);
#3170=ORIENTED_EDGE('',*,*,#2324,.T.);
#3171=ORIENTED_EDGE('',*,*,#1927,.T.);
#3172=ORIENTED_EDGE('',*,*,#2323,.F.);
#3173=ORIENTED_EDGE('',*,*,#2047,.F.);
#3174=ORIENTED_EDGE('',*,*,#2325,.T.);
#3175=ORIENTED_EDGE('',*,*,#1928,.T.);
#3176=ORIENTED_EDGE('',*,*,#2324,.F.);
#3177=ORIENTED_EDGE('',*,*,#2046,.F.);
#3178=ORIENTED_EDGE('',*,*,#2326,.T.);
#3179=ORIENTED_EDGE('',*,*,#1929,.T.);
#3180=ORIENTED_EDGE('',*,*,#2325,.F.);
#3181=ORIENTED_EDGE('',*,*,#2045,.F.);
#3182=ORIENTED_EDGE('',*,*,#2327,.T.);
#3183=ORIENTED_EDGE('',*,*,#1930,.T.);
#3184=ORIENTED_EDGE('',*,*,#2326,.F.);
#3185=ORIENTED_EDGE('',*,*,#2044,.F.);
#3186=ORIENTED_EDGE('',*,*,#2328,.T.);
#3187=ORIENTED_EDGE('',*,*,#1931,.T.);
#3188=ORIENTED_EDGE('',*,*,#2327,.F.);
#3189=ORIENTED_EDGE('',*,*,#2043,.F.);
#3190=ORIENTED_EDGE('',*,*,#2329,.T.);
#3191=ORIENTED_EDGE('',*,*,#1932,.T.);
#3192=ORIENTED_EDGE('',*,*,#2328,.F.);
#3193=ORIENTED_EDGE('',*,*,#2042,.F.);
#3194=ORIENTED_EDGE('',*,*,#2330,.T.);
#3195=ORIENTED_EDGE('',*,*,#1933,.T.);
#3196=ORIENTED_EDGE('',*,*,#2329,.F.);
#3197=ORIENTED_EDGE('',*,*,#2041,.F.);
#3198=ORIENTED_EDGE('',*,*,#2331,.T.);
#3199=ORIENTED_EDGE('',*,*,#1934,.T.);
#3200=ORIENTED_EDGE('',*,*,#2330,.F.);
#3201=ORIENTED_EDGE('',*,*,#2040,.F.);
#3202=ORIENTED_EDGE('',*,*,#2332,.T.);
#3203=ORIENTED_EDGE('',*,*,#1935,.T.);
#3204=ORIENTED_EDGE('',*,*,#2331,.F.);
#3205=ORIENTED_EDGE('',*,*,#2039,.F.);
#3206=ORIENTED_EDGE('',*,*,#2333,.T.);
#3207=ORIENTED_EDGE('',*,*,#1936,.T.);
#3208=ORIENTED_EDGE('',*,*,#2332,.F.);
#3209=ORIENTED_EDGE('',*,*,#2038,.F.);
#3210=ORIENTED_EDGE('',*,*,#2334,.T.);
#3211=ORIENTED_EDGE('',*,*,#1937,.T.);
#3212=ORIENTED_EDGE('',*,*,#2333,.F.);
#3213=ORIENTED_EDGE('',*,*,#2037,.F.);
#3214=ORIENTED_EDGE('',*,*,#2335,.T.);
#3215=ORIENTED_EDGE('',*,*,#1938,.T.);
#3216=ORIENTED_EDGE('',*,*,#2334,.F.);
#3217=ORIENTED_EDGE('',*,*,#2036,.F.);
#3218=ORIENTED_EDGE('',*,*,#2336,.T.);
#3219=ORIENTED_EDGE('',*,*,#1939,.T.);
#3220=ORIENTED_EDGE('',*,*,#2335,.F.);
#3221=ORIENTED_EDGE('',*,*,#2035,.F.);
#3222=ORIENTED_EDGE('',*,*,#2337,.T.);
#3223=ORIENTED_EDGE('',*,*,#1940,.T.);
#3224=ORIENTED_EDGE('',*,*,#2336,.F.);
#3225=ORIENTED_EDGE('',*,*,#2034,.F.);
#3226=ORIENTED_EDGE('',*,*,#2338,.T.);
#3227=ORIENTED_EDGE('',*,*,#1941,.T.);
#3228=ORIENTED_EDGE('',*,*,#2337,.F.);
#3229=ORIENTED_EDGE('',*,*,#2033,.F.);
#3230=ORIENTED_EDGE('',*,*,#2339,.T.);
#3231=ORIENTED_EDGE('',*,*,#1942,.T.);
#3232=ORIENTED_EDGE('',*,*,#2338,.F.);
#3233=ORIENTED_EDGE('',*,*,#2032,.F.);
#3234=ORIENTED_EDGE('',*,*,#2340,.T.);
#3235=ORIENTED_EDGE('',*,*,#1943,.T.);
#3236=ORIENTED_EDGE('',*,*,#2339,.F.);
#3237=ORIENTED_EDGE('',*,*,#2031,.F.);
#3238=ORIENTED_EDGE('',*,*,#2341,.T.);
#3239=ORIENTED_EDGE('',*,*,#1944,.T.);
#3240=ORIENTED_EDGE('',*,*,#2340,.F.);
#3241=ORIENTED_EDGE('',*,*,#2030,.F.);
#3242=ORIENTED_EDGE('',*,*,#2342,.T.);
#3243=ORIENTED_EDGE('',*,*,#1945,.T.);
#3244=ORIENTED_EDGE('',*,*,#2341,.F.);
#3245=ORIENTED_EDGE('',*,*,#2029,.F.);
#3246=ORIENTED_EDGE('',*,*,#2343,.T.);
#3247=ORIENTED_EDGE('',*,*,#1946,.T.);
#3248=ORIENTED_EDGE('',*,*,#2342,.F.);
#3249=ORIENTED_EDGE('',*,*,#2028,.F.);
#3250=ORIENTED_EDGE('',*,*,#2344,.T.);
#3251=ORIENTED_EDGE('',*,*,#1947,.T.);
#3252=ORIENTED_EDGE('',*,*,#2343,.F.);
#3253=ORIENTED_EDGE('',*,*,#2027,.F.);
#3254=ORIENTED_EDGE('',*,*,#2345,.T.);
#3255=ORIENTED_EDGE('',*,*,#1948,.T.);
#3256=ORIENTED_EDGE('',*,*,#2344,.F.);
#3257=ORIENTED_EDGE('',*,*,#2026,.F.);
#3258=ORIENTED_EDGE('',*,*,#2346,.T.);
#3259=ORIENTED_EDGE('',*,*,#1949,.T.);
#3260=ORIENTED_EDGE('',*,*,#2345,.F.);
#3261=ORIENTED_EDGE('',*,*,#2025,.F.);
#3262=ORIENTED_EDGE('',*,*,#2347,.T.);
#3263=ORIENTED_EDGE('',*,*,#1950,.T.);
#3264=ORIENTED_EDGE('',*,*,#2346,.F.);
#3265=ORIENTED_EDGE('',*,*,#2024,.F.);
#3266=ORIENTED_EDGE('',*,*,#2348,.T.);
#3267=ORIENTED_EDGE('',*,*,#1951,.T.);
#3268=ORIENTED_EDGE('',*,*,#2347,.F.);
#3269=ORIENTED_EDGE('',*,*,#2023,.F.);
#3270=ORIENTED_EDGE('',*,*,#2349,.T.);
#3271=ORIENTED_EDGE('',*,*,#1952,.T.);
#3272=ORIENTED_EDGE('',*,*,#2348,.F.);
#3273=ORIENTED_EDGE('',*,*,#2022,.F.);
#3274=ORIENTED_EDGE('',*,*,#2350,.T.);
#3275=ORIENTED_EDGE('',*,*,#1953,.T.);
#3276=ORIENTED_EDGE('',*,*,#2349,.F.);
#3277=ORIENTED_EDGE('',*,*,#2021,.F.);
#3278=ORIENTED_EDGE('',*,*,#2351,.T.);
#3279=ORIENTED_EDGE('',*,*,#1954,.T.);
#3280=ORIENTED_EDGE('',*,*,#2350,.F.);
#3281=ORIENTED_EDGE('',*,*,#2020,.F.);
#3282=ORIENTED_EDGE('',*,*,#2352,.T.);
#3283=ORIENTED_EDGE('',*,*,#1955,.T.);
#3284=ORIENTED_EDGE('',*,*,#2351,.F.);
#3285=ORIENTED_EDGE('',*,*,#2019,.F.);
#3286=ORIENTED_EDGE('',*,*,#2353,.T.);
#3287=ORIENTED_EDGE('',*,*,#1956,.T.);
#3288=ORIENTED_EDGE('',*,*,#2352,.F.);
#3289=ORIENTED_EDGE('',*,*,#2018,.F.);
#3290=ORIENTED_EDGE('',*,*,#2354,.T.);
#3291=ORIENTED_EDGE('',*,*,#1957,.T.);
#3292=ORIENTED_EDGE('',*,*,#2353,.F.);
#3293=ORIENTED_EDGE('',*,*,#2017,.F.);
#3294=ORIENTED_EDGE('',*,*,#2355,.T.);
#3295=ORIENTED_EDGE('',*,*,#1958,.T.);
#3296=ORIENTED_EDGE('',*,*,#2354,.F.);
#3297=ORIENTED_EDGE('',*,*,#2016,.F.);
#3298=ORIENTED_EDGE('',*,*,#2356,.T.);
#3299=ORIENTED_EDGE('',*,*,#1959,.T.);
#3300=ORIENTED_EDGE('',*,*,#2355,.F.);
#3301=ORIENTED_EDGE('',*,*,#2015,.F.);
#3302=ORIENTED_EDGE('',*,*,#2357,.T.);
#3303=ORIENTED_EDGE('',*,*,#1960,.T.);
#3304=ORIENTED_EDGE('',*,*,#2356,.F.);
#3305=ORIENTED_EDGE('',*,*,#2014,.F.);
#3306=ORIENTED_EDGE('',*,*,#2358,.T.);
#3307=ORIENTED_EDGE('',*,*,#1961,.T.);
#3308=ORIENTED_EDGE('',*,*,#2357,.F.);
#3309=ORIENTED_EDGE('',*,*,#2013,.F.);
#3310=ORIENTED_EDGE('',*,*,#2359,.T.);
#3311=ORIENTED_EDGE('',*,*,#1962,.T.);
#3312=ORIENTED_EDGE('',*,*,#2358,.F.);
#3313=ORIENTED_EDGE('',*,*,#2012,.F.);
#3314=ORIENTED_EDGE('',*,*,#2360,.T.);
#3315=ORIENTED_EDGE('',*,*,#1963,.T.);
#3316=ORIENTED_EDGE('',*,*,#2359,.F.);
#3317=ORIENTED_EDGE('',*,*,#2011,.F.);
#3318=ORIENTED_EDGE('',*,*,#2361,.T.);
#3319=ORIENTED_EDGE('',*,*,#1964,.T.);
#3320=ORIENTED_EDGE('',*,*,#2360,.F.);
#3321=ORIENTED_EDGE('',*,*,#2010,.F.);
#3322=ORIENTED_EDGE('',*,*,#2362,.T.);
#3323=ORIENTED_EDGE('',*,*,#1965,.T.);
#3324=ORIENTED_EDGE('',*,*,#2361,.F.);
#3325=ORIENTED_EDGE('',*,*,#2009,.F.);
#3326=ORIENTED_EDGE('',*,*,#2363,.T.);
#3327=ORIENTED_EDGE('',*,*,#1966,.T.);
#3328=ORIENTED_EDGE('',*,*,#2362,.F.);
#3329=ORIENTED_EDGE('',*,*,#2008,.F.);
#3330=ORIENTED_EDGE('',*,*,#2364,.T.);
#3331=ORIENTED_EDGE('',*,*,#1967,.T.);
#3332=ORIENTED_EDGE('',*,*,#2363,.F.);
#3333=ORIENTED_EDGE('',*,*,#2007,.F.);
#3334=ORIENTED_EDGE('',*,*,#1880,.T.);
#3335=ORIENTED_EDGE('',*,*,#1968,.T.);
#3336=ORIENTED_EDGE('',*,*,#2364,.F.);
#3337=ORIENTED_EDGE('',*,*,#2006,.F.);
#3338=ORIENTED_EDGE('',*,*,#2365,.T.);
#3339=ORIENTED_EDGE('',*,*,#1884,.T.);
#3340=ORIENTED_EDGE('',*,*,#1875,.T.);
#3341=ORIENTED_EDGE('',*,*,#1876,.T.);
#3342=ORIENTED_EDGE('',*,*,#2366,.T.);
#3343=ORIENTED_EDGE('',*,*,#1885,.T.);
#3344=ORIENTED_EDGE('',*,*,#2365,.F.);
#3345=ORIENTED_EDGE('',*,*,#2005,.F.);
#3346=ORIENTED_EDGE('',*,*,#2367,.T.);
#3347=ORIENTED_EDGE('',*,*,#1886,.T.);
#3348=ORIENTED_EDGE('',*,*,#2366,.F.);
#3349=ORIENTED_EDGE('',*,*,#2004,.F.);
#3350=ORIENTED_EDGE('',*,*,#2368,.T.);
#3351=ORIENTED_EDGE('',*,*,#1887,.T.);
#3352=ORIENTED_EDGE('',*,*,#2367,.F.);
#3353=ORIENTED_EDGE('',*,*,#2003,.F.);
#3354=ORIENTED_EDGE('',*,*,#2369,.T.);
#3355=ORIENTED_EDGE('',*,*,#1888,.T.);
#3356=ORIENTED_EDGE('',*,*,#2368,.F.);
#3357=ORIENTED_EDGE('',*,*,#2002,.F.);
#3358=ORIENTED_EDGE('',*,*,#2370,.T.);
#3359=ORIENTED_EDGE('',*,*,#1889,.T.);
#3360=ORIENTED_EDGE('',*,*,#2369,.F.);
#3361=ORIENTED_EDGE('',*,*,#2001,.F.);
#3362=ORIENTED_EDGE('',*,*,#2371,.T.);
#3363=ORIENTED_EDGE('',*,*,#1890,.T.);
#3364=ORIENTED_EDGE('',*,*,#2370,.F.);
#3365=ORIENTED_EDGE('',*,*,#2000,.F.);
#3366=ORIENTED_EDGE('',*,*,#2372,.T.);
#3367=ORIENTED_EDGE('',*,*,#1891,.T.);
#3368=ORIENTED_EDGE('',*,*,#2371,.F.);
#3369=ORIENTED_EDGE('',*,*,#1999,.F.);
#3370=ORIENTED_EDGE('',*,*,#2373,.T.);
#3371=ORIENTED_EDGE('',*,*,#1892,.T.);
#3372=ORIENTED_EDGE('',*,*,#2372,.F.);
#3373=ORIENTED_EDGE('',*,*,#1998,.F.);
#3374=ORIENTED_EDGE('',*,*,#2374,.T.);
#3375=ORIENTED_EDGE('',*,*,#1893,.T.);
#3376=ORIENTED_EDGE('',*,*,#2373,.F.);
#3377=ORIENTED_EDGE('',*,*,#1997,.F.);
#3378=ORIENTED_EDGE('',*,*,#2375,.T.);
#3379=ORIENTED_EDGE('',*,*,#1894,.T.);
#3380=ORIENTED_EDGE('',*,*,#2374,.F.);
#3381=ORIENTED_EDGE('',*,*,#1996,.F.);
#3382=ORIENTED_EDGE('',*,*,#2376,.T.);
#3383=ORIENTED_EDGE('',*,*,#1895,.T.);
#3384=ORIENTED_EDGE('',*,*,#2375,.F.);
#3385=ORIENTED_EDGE('',*,*,#1995,.F.);
#3386=ORIENTED_EDGE('',*,*,#2377,.T.);
#3387=ORIENTED_EDGE('',*,*,#1896,.T.);
#3388=ORIENTED_EDGE('',*,*,#2376,.F.);
#3389=ORIENTED_EDGE('',*,*,#1994,.F.);
#3390=ORIENTED_EDGE('',*,*,#2378,.T.);
#3391=ORIENTED_EDGE('',*,*,#1897,.T.);
#3392=ORIENTED_EDGE('',*,*,#2377,.F.);
#3393=ORIENTED_EDGE('',*,*,#1993,.F.);
#3394=ORIENTED_EDGE('',*,*,#2379,.T.);
#3395=ORIENTED_EDGE('',*,*,#1898,.T.);
#3396=ORIENTED_EDGE('',*,*,#2378,.F.);
#3397=ORIENTED_EDGE('',*,*,#1992,.F.);
#3398=ORIENTED_EDGE('',*,*,#2380,.T.);
#3399=ORIENTED_EDGE('',*,*,#1899,.T.);
#3400=ORIENTED_EDGE('',*,*,#2379,.F.);
#3401=ORIENTED_EDGE('',*,*,#1991,.F.);
#3402=ORIENTED_EDGE('',*,*,#2381,.T.);
#3403=ORIENTED_EDGE('',*,*,#1900,.T.);
#3404=ORIENTED_EDGE('',*,*,#2380,.F.);
#3405=ORIENTED_EDGE('',*,*,#1990,.F.);
#3406=ORIENTED_EDGE('',*,*,#2382,.T.);
#3407=ORIENTED_EDGE('',*,*,#1901,.T.);
#3408=ORIENTED_EDGE('',*,*,#2381,.F.);
#3409=ORIENTED_EDGE('',*,*,#1989,.F.);
#3410=ORIENTED_EDGE('',*,*,#2383,.T.);
#3411=ORIENTED_EDGE('',*,*,#1902,.T.);
#3412=ORIENTED_EDGE('',*,*,#2382,.F.);
#3413=ORIENTED_EDGE('',*,*,#1988,.F.);
#3414=ORIENTED_EDGE('',*,*,#2384,.T.);
#3415=ORIENTED_EDGE('',*,*,#1903,.T.);
#3416=ORIENTED_EDGE('',*,*,#2383,.F.);
#3417=ORIENTED_EDGE('',*,*,#1987,.F.);
#3418=ORIENTED_EDGE('',*,*,#2385,.T.);
#3419=ORIENTED_EDGE('',*,*,#1904,.T.);
#3420=ORIENTED_EDGE('',*,*,#2384,.F.);
#3421=ORIENTED_EDGE('',*,*,#1986,.F.);
#3422=ORIENTED_EDGE('',*,*,#2386,.T.);
#3423=ORIENTED_EDGE('',*,*,#1905,.T.);
#3424=ORIENTED_EDGE('',*,*,#2385,.F.);
#3425=ORIENTED_EDGE('',*,*,#1985,.F.);
#3426=ORIENTED_EDGE('',*,*,#2387,.T.);
#3427=ORIENTED_EDGE('',*,*,#1906,.T.);
#3428=ORIENTED_EDGE('',*,*,#2386,.F.);
#3429=ORIENTED_EDGE('',*,*,#1984,.F.);
#3430=ORIENTED_EDGE('',*,*,#2388,.T.);
#3431=ORIENTED_EDGE('',*,*,#1907,.T.);
#3432=ORIENTED_EDGE('',*,*,#2387,.F.);
#3433=ORIENTED_EDGE('',*,*,#1983,.F.);
#3434=ORIENTED_EDGE('',*,*,#2389,.T.);
#3435=ORIENTED_EDGE('',*,*,#1908,.T.);
#3436=ORIENTED_EDGE('',*,*,#2388,.F.);
#3437=ORIENTED_EDGE('',*,*,#1982,.F.);
#3438=ORIENTED_EDGE('',*,*,#2390,.T.);
#3439=ORIENTED_EDGE('',*,*,#1909,.T.);
#3440=ORIENTED_EDGE('',*,*,#2389,.F.);
#3441=ORIENTED_EDGE('',*,*,#1981,.F.);
#3442=ORIENTED_EDGE('',*,*,#2391,.T.);
#3443=ORIENTED_EDGE('',*,*,#1910,.T.);
#3444=ORIENTED_EDGE('',*,*,#2390,.F.);
#3445=ORIENTED_EDGE('',*,*,#1980,.F.);
#3446=ORIENTED_EDGE('',*,*,#2392,.T.);
#3447=ORIENTED_EDGE('',*,*,#1911,.T.);
#3448=ORIENTED_EDGE('',*,*,#2391,.F.);
#3449=ORIENTED_EDGE('',*,*,#1979,.F.);
#3450=ORIENTED_EDGE('',*,*,#2310,.F.);
#3451=ORIENTED_EDGE('',*,*,#1912,.T.);
#3452=ORIENTED_EDGE('',*,*,#2392,.F.);
#3453=ORIENTED_EDGE('',*,*,#1978,.F.);
#3454=ORIENTED_EDGE('',*,*,#2393,.F.);
#3455=ORIENTED_EDGE('',*,*,#2394,.F.);
#3456=ORIENTED_EDGE('',*,*,#2395,.T.);
#3457=ORIENTED_EDGE('',*,*,#1974,.F.);
#3458=ORIENTED_EDGE('',*,*,#1873,.T.);
#3459=ORIENTED_EDGE('',*,*,#1883,.T.);
#3460=ORIENTED_EDGE('',*,*,#1881,.T.);
#3461=ORIENTED_EDGE('',*,*,#1877,.T.);
#3462=ORIENTED_EDGE('',*,*,#2395,.F.);
#3463=ORIENTED_EDGE('',*,*,#2396,.F.);
#3464=ORIENTED_EDGE('',*,*,#2397,.T.);
#3465=ORIENTED_EDGE('',*,*,#1975,.F.);
#3466=ORIENTED_EDGE('',*,*,#2397,.F.);
#3467=ORIENTED_EDGE('',*,*,#2398,.F.);
#3468=ORIENTED_EDGE('',*,*,#2399,.F.);
#3469=ORIENTED_EDGE('',*,*,#1976,.F.);
#3470=ORIENTED_EDGE('',*,*,#2399,.T.);
#3471=ORIENTED_EDGE('',*,*,#2400,.F.);
#3472=ORIENTED_EDGE('',*,*,#2393,.T.);
#3473=ORIENTED_EDGE('',*,*,#1973,.F.);
#3474=ORIENTED_EDGE('',*,*,#2400,.T.);
#3475=ORIENTED_EDGE('',*,*,#2398,.T.);
#3476=ORIENTED_EDGE('',*,*,#2396,.T.);
#3477=ORIENTED_EDGE('',*,*,#2394,.T.);
#3478=ORIENTED_EDGE('',*,*,#2401,.F.);
#3479=ORIENTED_EDGE('',*,*,#2402,.T.);
#3480=ORIENTED_EDGE('',*,*,#2403,.F.);
#3481=ORIENTED_EDGE('',*,*,#2404,.F.);
#3482=ORIENTED_EDGE('',*,*,#2405,.T.);
#3483=ORIENTED_EDGE('',*,*,#2404,.T.);
#3484=ORIENTED_EDGE('',*,*,#2406,.F.);
#3485=ORIENTED_EDGE('',*,*,#2407,.F.);
#3486=ORIENTED_EDGE('',*,*,#2408,.F.);
#3487=ORIENTED_EDGE('',*,*,#2407,.T.);
#3488=ORIENTED_EDGE('',*,*,#2409,.F.);
#3489=ORIENTED_EDGE('',*,*,#2402,.F.);
#3490=ORIENTED_EDGE('',*,*,#2408,.T.);
#3491=ORIENTED_EDGE('',*,*,#2401,.T.);
#3492=ORIENTED_EDGE('',*,*,#2405,.F.);
#3493=ORIENTED_EDGE('',*,*,#2409,.T.);
#3494=ORIENTED_EDGE('',*,*,#2406,.T.);
#3495=ORIENTED_EDGE('',*,*,#2403,.T.);
#3496=PLANE('',#3893);
#3497=PLANE('',#3894);
#3498=PLANE('',#3895);
#3499=PLANE('',#3896);
#3500=PLANE('',#3897);
#3501=PLANE('',#3898);
#3502=PLANE('',#3903);
#3503=PLANE('',#3904);
#3504=PLANE('',#3905);
#3505=PLANE('',#3906);
#3506=PLANE('',#3907);
#3507=PLANE('',#3908);
#3508=PLANE('',#3909);
#3509=PLANE('',#3910);
#3510=PLANE('',#3911);
#3511=PLANE('',#3912);
#3512=PLANE('',#3913);
#3513=PLANE('',#3914);
#3514=PLANE('',#3915);
#3515=PLANE('',#3916);
#3516=PLANE('',#3917);
#3517=PLANE('',#3918);
#3518=PLANE('',#3919);
#3519=PLANE('',#3920);
#3520=PLANE('',#3921);
#3521=PLANE('',#3922);
#3522=PLANE('',#3923);
#3523=PLANE('',#3924);
#3524=PLANE('',#3925);
#3525=PLANE('',#3926);
#3526=PLANE('',#3927);
#3527=PLANE('',#3928);
#3528=PLANE('',#3929);
#3529=PLANE('',#3930);
#3530=PLANE('',#3931);
#3531=PLANE('',#3932);
#3532=PLANE('',#3933);
#3533=PLANE('',#3934);
#3534=PLANE('',#3935);
#3535=PLANE('',#3936);
#3536=PLANE('',#3937);
#3537=PLANE('',#3938);
#3538=PLANE('',#3939);
#3539=PLANE('',#3940);
#3540=PLANE('',#3941);
#3541=PLANE('',#3942);
#3542=PLANE('',#3943);
#3543=PLANE('',#3944);
#3544=PLANE('',#3945);
#3545=PLANE('',#3946);
#3546=PLANE('',#3947);
#3547=PLANE('',#3948);
#3548=PLANE('',#3949);
#3549=PLANE('',#3950);
#3550=PLANE('',#3951);
#3551=PLANE('',#3952);
#3552=PLANE('',#3953);
#3553=PLANE('',#3954);
#3554=PLANE('',#3955);
#3555=PLANE('',#3956);
#3556=PLANE('',#3957);
#3557=PLANE('',#3958);
#3558=PLANE('',#3959);
#3559=PLANE('',#3960);
#3560=PLANE('',#3961);
#3561=PLANE('',#3962);
#3562=PLANE('',#3963);
#3563=PLANE('',#3964);
#3564=PLANE('',#3965);
#3565=PLANE('',#3966);
#3566=PLANE('',#3967);
#3567=PLANE('',#3968);
#3568=PLANE('',#3969);
#3569=PLANE('',#3970);
#3570=PLANE('',#3971);
#3571=PLANE('',#3972);
#3572=PLANE('',#3973);
#3573=PLANE('',#3974);
#3574=PLANE('',#3975);
#3575=PLANE('',#3976);
#3576=PLANE('',#3977);
#3577=PLANE('',#3978);
#3578=PLANE('',#3979);
#3579=PLANE('',#3980);
#3580=PLANE('',#3981);
#3581=PLANE('',#3982);
#3582=PLANE('',#3983);
#3583=PLANE('',#3984);
#3584=PLANE('',#3985);
#3585=PLANE('',#3986);
#3586=PLANE('',#3987);
#3587=PLANE('',#3988);
#3588=PLANE('',#3990);
#3589=PLANE('',#3992);
#3590=PLANE('',#3994);
#3591=PLANE('',#4000);
#3592=PLANE('',#4001);
#3593=PLANE('',#4002);
#3594=PLANE('',#4003);
#3595=PLANE('',#4004);
#3596=PLANE('',#4005);
#3597=PLANE('',#4006);
#3598=PLANE('',#4007);
#3599=PLANE('',#4008);
#3600=PLANE('',#4009);
#3601=PLANE('',#4010);
#3602=PLANE('',#4011);
#3603=PLANE('',#4012);
#3604=PLANE('',#4013);
#3605=PLANE('',#4014);
#3606=PLANE('',#4015);
#3607=PLANE('',#4016);
#3608=PLANE('',#4017);
#3609=PLANE('',#4018);
#3610=PLANE('',#4019);
#3611=PLANE('',#4020);
#3612=PLANE('',#4021);
#3613=PLANE('',#4022);
#3614=PLANE('',#4023);
#3615=PLANE('',#4024);
#3616=PLANE('',#4025);
#3617=PLANE('',#4026);
#3618=PLANE('',#4027);
#3619=PLANE('',#4028);
#3620=PLANE('',#4029);
#3621=PLANE('',#4030);
#3622=PLANE('',#4031);
#3623=PLANE('',#4032);
#3624=PLANE('',#4033);
#3625=PLANE('',#4034);
#3626=PLANE('',#4035);
#3627=PLANE('',#4036);
#3628=PLANE('',#4037);
#3629=PLANE('',#4038);
#3630=PLANE('',#4039);
#3631=PLANE('',#4040);
#3632=PLANE('',#4041);
#3633=PLANE('',#4042);
#3634=PLANE('',#4043);
#3635=PLANE('',#4044);
#3636=PLANE('',#4045);
#3637=PLANE('',#4046);
#3638=PLANE('',#4047);
#3639=PLANE('',#4048);
#3640=PLANE('',#4049);
#3641=PLANE('',#4050);
#3642=PLANE('',#4051);
#3643=PLANE('',#4052);
#3644=PLANE('',#4053);
#3645=PLANE('',#4054);
#3646=PLANE('',#4055);
#3647=PLANE('',#4056);
#3648=PLANE('',#4057);
#3649=PLANE('',#4058);
#3650=PLANE('',#4059);
#3651=PLANE('',#4060);
#3652=PLANE('',#4061);
#3653=PLANE('',#4062);
#3654=PLANE('',#4063);
#3655=PLANE('',#4064);
#3656=PLANE('',#4065);
#3657=PLANE('',#4066);
#3658=PLANE('',#4067);
#3659=PLANE('',#4068);
#3660=PLANE('',#4069);
#3661=PLANE('',#4070);
#3662=PLANE('',#4071);
#3663=PLANE('',#4072);
#3664=PLANE('',#4073);
#3665=PLANE('',#4074);
#3666=PLANE('',#4075);
#3667=PLANE('',#4076);
#3668=PLANE('',#4077);
#3669=PLANE('',#4078);
#3670=PLANE('',#4079);
#3671=PLANE('',#4080);
#3672=PLANE('',#4081);
#3673=PLANE('',#4082);
#3674=PLANE('',#4083);
#3675=PLANE('',#4084);
#3676=PLANE('',#4085);
#3677=PLANE('',#4086);
#3678=PLANE('',#4087);
#3679=PLANE('',#4088);
#3680=PLANE('',#4089);
#3681=PLANE('',#4090);
#3682=PLANE('',#4091);
#3683=PLANE('',#4092);
#3684=PLANE('',#4093);
#3685=ADVANCED_FACE('',(#39),#3496,.F.);
#3686=ADVANCED_FACE('',(#40),#3497,.F.);
#3687=ADVANCED_FACE('',(#41),#3498,.F.);
#3688=ADVANCED_FACE('',(#42),#3499,.F.);
#3689=ADVANCED_FACE('',(#43),#3500,.F.);
#3690=ADVANCED_FACE('',(#44,#21,#22,#23,#24),#3501,.F.);
#3691=ADVANCED_FACE('',(#45,#25),#3502,.T.);
#3692=ADVANCED_FACE('',(#46),#3503,.F.);
#3693=ADVANCED_FACE('',(#47),#3504,.F.);
#3694=ADVANCED_FACE('',(#48),#3505,.F.);
#3695=ADVANCED_FACE('',(#49),#3506,.F.);
#3696=ADVANCED_FACE('',(#50),#3507,.F.);
#3697=ADVANCED_FACE('',(#51),#3508,.F.);
#3698=ADVANCED_FACE('',(#52),#3509,.F.);
#3699=ADVANCED_FACE('',(#53),#3510,.F.);
#3700=ADVANCED_FACE('',(#54),#3511,.F.);
#3701=ADVANCED_FACE('',(#55),#3512,.F.);
#3702=ADVANCED_FACE('',(#56),#3513,.F.);
#3703=ADVANCED_FACE('',(#57),#3514,.F.);
#3704=ADVANCED_FACE('',(#58),#3515,.F.);
#3705=ADVANCED_FACE('',(#59),#3516,.F.);
#3706=ADVANCED_FACE('',(#60),#3517,.F.);
#3707=ADVANCED_FACE('',(#61),#3518,.F.);
#3708=ADVANCED_FACE('',(#62),#3519,.F.);
#3709=ADVANCED_FACE('',(#63),#3520,.F.);
#3710=ADVANCED_FACE('',(#64),#3521,.F.);
#3711=ADVANCED_FACE('',(#65),#3522,.F.);
#3712=ADVANCED_FACE('',(#66),#3523,.F.);
#3713=ADVANCED_FACE('',(#67),#3524,.F.);
#3714=ADVANCED_FACE('',(#68),#3525,.F.);
#3715=ADVANCED_FACE('',(#69),#3526,.F.);
#3716=ADVANCED_FACE('',(#70),#3527,.F.);
#3717=ADVANCED_FACE('',(#71),#3528,.F.);
#3718=ADVANCED_FACE('',(#72),#3529,.F.);
#3719=ADVANCED_FACE('',(#73),#3530,.F.);
#3720=ADVANCED_FACE('',(#74),#3531,.F.);
#3721=ADVANCED_FACE('',(#75),#3532,.F.);
#3722=ADVANCED_FACE('',(#76),#3533,.F.);
#3723=ADVANCED_FACE('',(#77),#3534,.F.);
#3724=ADVANCED_FACE('',(#78),#3535,.F.);
#3725=ADVANCED_FACE('',(#79),#3536,.F.);
#3726=ADVANCED_FACE('',(#80),#3537,.F.);
#3727=ADVANCED_FACE('',(#81),#3538,.F.);
#3728=ADVANCED_FACE('',(#82),#3539,.F.);
#3729=ADVANCED_FACE('',(#83),#3540,.F.);
#3730=ADVANCED_FACE('',(#84),#3541,.F.);
#3731=ADVANCED_FACE('',(#85),#3542,.F.);
#3732=ADVANCED_FACE('',(#86),#3543,.F.);
#3733=ADVANCED_FACE('',(#87),#3544,.F.);
#3734=ADVANCED_FACE('',(#88),#3545,.F.);
#3735=ADVANCED_FACE('',(#89),#3546,.F.);
#3736=ADVANCED_FACE('',(#90),#3547,.F.);
#3737=ADVANCED_FACE('',(#91),#3548,.F.);
#3738=ADVANCED_FACE('',(#92),#3549,.F.);
#3739=ADVANCED_FACE('',(#93),#3550,.F.);
#3740=ADVANCED_FACE('',(#94),#3551,.F.);
#3741=ADVANCED_FACE('',(#95),#3552,.F.);
#3742=ADVANCED_FACE('',(#96),#3553,.F.);
#3743=ADVANCED_FACE('',(#97),#3554,.F.);
#3744=ADVANCED_FACE('',(#98),#3555,.F.);
#3745=ADVANCED_FACE('',(#99),#3556,.F.);
#3746=ADVANCED_FACE('',(#100),#3557,.F.);
#3747=ADVANCED_FACE('',(#101),#3558,.F.);
#3748=ADVANCED_FACE('',(#102),#3559,.F.);
#3749=ADVANCED_FACE('',(#103),#3560,.F.);
#3750=ADVANCED_FACE('',(#104),#3561,.F.);
#3751=ADVANCED_FACE('',(#105),#3562,.F.);
#3752=ADVANCED_FACE('',(#106),#3563,.F.);
#3753=ADVANCED_FACE('',(#107),#3564,.F.);
#3754=ADVANCED_FACE('',(#108),#3565,.F.);
#3755=ADVANCED_FACE('',(#109),#3566,.F.);
#3756=ADVANCED_FACE('',(#110),#3567,.F.);
#3757=ADVANCED_FACE('',(#111),#3568,.F.);
#3758=ADVANCED_FACE('',(#112),#3569,.F.);
#3759=ADVANCED_FACE('',(#113),#3570,.F.);
#3760=ADVANCED_FACE('',(#114),#3571,.F.);
#3761=ADVANCED_FACE('',(#115),#3572,.F.);
#3762=ADVANCED_FACE('',(#116),#3573,.F.);
#3763=ADVANCED_FACE('',(#117),#3574,.F.);
#3764=ADVANCED_FACE('',(#118),#3575,.F.);
#3765=ADVANCED_FACE('',(#119),#3576,.F.);
#3766=ADVANCED_FACE('',(#120),#3577,.F.);
#3767=ADVANCED_FACE('',(#121),#3578,.F.);
#3768=ADVANCED_FACE('',(#122),#3579,.F.);
#3769=ADVANCED_FACE('',(#123),#3580,.F.);
#3770=ADVANCED_FACE('',(#124),#3581,.F.);
#3771=ADVANCED_FACE('',(#125),#3582,.F.);
#3772=ADVANCED_FACE('',(#126),#3583,.F.);
#3773=ADVANCED_FACE('',(#127),#3584,.F.);
#3774=ADVANCED_FACE('',(#128),#3585,.F.);
#3775=ADVANCED_FACE('',(#129),#3586,.F.);
#3776=ADVANCED_FACE('',(#130,#26),#3587,.T.);
#3777=ADVANCED_FACE('',(#131,#27),#3588,.T.);
#3778=ADVANCED_FACE('',(#132,#28),#3589,.T.);
#3779=ADVANCED_FACE('',(#133,#29),#3590,.T.);
#3780=ADVANCED_FACE('',(#134),#17,.T.);
#3781=ADVANCED_FACE('',(#135),#18,.T.);
#3782=ADVANCED_FACE('',(#136),#19,.T.);
#3783=ADVANCED_FACE('',(#137),#20,.T.);
#3784=ADVANCED_FACE('',(#138),#3591,.F.);
#3785=ADVANCED_FACE('',(#139),#3592,.F.);
#3786=ADVANCED_FACE('',(#140),#3593,.F.);
#3787=ADVANCED_FACE('',(#141),#3594,.F.);
#3788=ADVANCED_FACE('',(#142),#3595,.F.);
#3789=ADVANCED_FACE('',(#143),#3596,.F.);
#3790=ADVANCED_FACE('',(#144),#3597,.F.);
#3791=ADVANCED_FACE('',(#145),#3598,.F.);
#3792=ADVANCED_FACE('',(#146),#3599,.F.);
#3793=ADVANCED_FACE('',(#147),#3600,.F.);
#3794=ADVANCED_FACE('',(#148),#3601,.F.);
#3795=ADVANCED_FACE('',(#149),#3602,.F.);
#3796=ADVANCED_FACE('',(#150),#3603,.F.);
#3797=ADVANCED_FACE('',(#151),#3604,.F.);
#3798=ADVANCED_FACE('',(#152),#3605,.F.);
#3799=ADVANCED_FACE('',(#153),#3606,.F.);
#3800=ADVANCED_FACE('',(#154),#3607,.F.);
#3801=ADVANCED_FACE('',(#155),#3608,.F.);
#3802=ADVANCED_FACE('',(#156),#3609,.F.);
#3803=ADVANCED_FACE('',(#157),#3610,.F.);
#3804=ADVANCED_FACE('',(#158),#3611,.F.);
#3805=ADVANCED_FACE('',(#159),#3612,.F.);
#3806=ADVANCED_FACE('',(#160),#3613,.F.);
#3807=ADVANCED_FACE('',(#161),#3614,.F.);
#3808=ADVANCED_FACE('',(#162),#3615,.F.);
#3809=ADVANCED_FACE('',(#163),#3616,.F.);
#3810=ADVANCED_FACE('',(#164),#3617,.F.);
#3811=ADVANCED_FACE('',(#165),#3618,.F.);
#3812=ADVANCED_FACE('',(#166),#3619,.F.);
#3813=ADVANCED_FACE('',(#167),#3620,.F.);
#3814=ADVANCED_FACE('',(#168),#3621,.F.);
#3815=ADVANCED_FACE('',(#169),#3622,.F.);
#3816=ADVANCED_FACE('',(#170),#3623,.F.);
#3817=ADVANCED_FACE('',(#171),#3624,.F.);
#3818=ADVANCED_FACE('',(#172),#3625,.F.);
#3819=ADVANCED_FACE('',(#173),#3626,.F.);
#3820=ADVANCED_FACE('',(#174),#3627,.F.);
#3821=ADVANCED_FACE('',(#175),#3628,.F.);
#3822=ADVANCED_FACE('',(#176),#3629,.F.);
#3823=ADVANCED_FACE('',(#177),#3630,.F.);
#3824=ADVANCED_FACE('',(#178),#3631,.F.);
#3825=ADVANCED_FACE('',(#179),#3632,.F.);
#3826=ADVANCED_FACE('',(#180),#3633,.F.);
#3827=ADVANCED_FACE('',(#181),#3634,.F.);
#3828=ADVANCED_FACE('',(#182),#3635,.F.);
#3829=ADVANCED_FACE('',(#183),#3636,.F.);
#3830=ADVANCED_FACE('',(#184),#3637,.F.);
#3831=ADVANCED_FACE('',(#185),#3638,.F.);
#3832=ADVANCED_FACE('',(#186),#3639,.F.);
#3833=ADVANCED_FACE('',(#187),#3640,.F.);
#3834=ADVANCED_FACE('',(#188),#3641,.F.);
#3835=ADVANCED_FACE('',(#189),#3642,.F.);
#3836=ADVANCED_FACE('',(#190),#3643,.F.);
#3837=ADVANCED_FACE('',(#191),#3644,.F.);
#3838=ADVANCED_FACE('',(#192),#3645,.F.);
#3839=ADVANCED_FACE('',(#193),#3646,.F.);
#3840=ADVANCED_FACE('',(#194),#3647,.F.);
#3841=ADVANCED_FACE('',(#195),#3648,.F.);
#3842=ADVANCED_FACE('',(#196),#3649,.F.);
#3843=ADVANCED_FACE('',(#197),#3650,.F.);
#3844=ADVANCED_FACE('',(#198),#3651,.F.);
#3845=ADVANCED_FACE('',(#199),#3652,.F.);
#3846=ADVANCED_FACE('',(#200),#3653,.F.);
#3847=ADVANCED_FACE('',(#201),#3654,.F.);
#3848=ADVANCED_FACE('',(#202),#3655,.F.);
#3849=ADVANCED_FACE('',(#203),#3656,.F.);
#3850=ADVANCED_FACE('',(#204),#3657,.F.);
#3851=ADVANCED_FACE('',(#205),#3658,.F.);
#3852=ADVANCED_FACE('',(#206),#3659,.F.);
#3853=ADVANCED_FACE('',(#207),#3660,.F.);
#3854=ADVANCED_FACE('',(#208),#3661,.F.);
#3855=ADVANCED_FACE('',(#209),#3662,.F.);
#3856=ADVANCED_FACE('',(#210),#3663,.F.);
#3857=ADVANCED_FACE('',(#211),#3664,.F.);
#3858=ADVANCED_FACE('',(#212),#3665,.F.);
#3859=ADVANCED_FACE('',(#213),#3666,.F.);
#3860=ADVANCED_FACE('',(#214),#3667,.F.);
#3861=ADVANCED_FACE('',(#215),#3668,.F.);
#3862=ADVANCED_FACE('',(#216),#3669,.F.);
#3863=ADVANCED_FACE('',(#217),#3670,.F.);
#3864=ADVANCED_FACE('',(#218),#3671,.F.);
#3865=ADVANCED_FACE('',(#219),#3672,.F.);
#3866=ADVANCED_FACE('',(#220),#3673,.F.);
#3867=ADVANCED_FACE('',(#221),#3674,.F.);
#3868=ADVANCED_FACE('',(#222,#30),#3675,.T.);
#3869=ADVANCED_FACE('',(#223),#3676,.T.);
#3870=ADVANCED_FACE('',(#224),#3677,.T.);
#3871=ADVANCED_FACE('',(#225),#3678,.T.);
#3872=ADVANCED_FACE('',(#226),#3679,.T.);
#3873=ADVANCED_FACE('',(#227),#3680,.T.);
#3874=ADVANCED_FACE('',(#228),#3681,.T.);
#3875=ADVANCED_FACE('',(#229),#3682,.T.);
#3876=ADVANCED_FACE('',(#230),#3683,.T.);
#3877=ADVANCED_FACE('',(#231),#3684,.T.);
#3878=CLOSED_SHELL('',(#3685,#3686,#3687,#3688,#3689,#3690,#3691,#3692,
#3693,#3694,#3695,#3696,#3697,#3698,#3699,#3700,#3701,#3702,#3703,#3704,
#3705,#3706,#3707,#3708,#3709,#3710,#3711,#3712,#3713,#3714,#3715,#3716,
#3717,#3718,#3719,#3720,#3721,#3722,#3723,#3724,#3725,#3726,#3727,#3728,
#3729,#3730,#3731,#3732,#3733,#3734,#3735,#3736,#3737,#3738,#3739,#3740,
#3741,#3742,#3743,#3744,#3745,#3746,#3747,#3748,#3749,#3750,#3751,#3752,
#3753,#3754,#3755,#3756,#3757,#3758,#3759,#3760,#3761,#3762,#3763,#3764,
#3765,#3766,#3767,#3768,#3769,#3770,#3771,#3772,#3773,#3774,#3775,#3776,
#3777,#3778,#3779,#3780,#3781,#3782,#3783,#3784,#3785,#3786,#3787,#3788,
#3789,#3790,#3791,#3792,#3793,#3794,#3795,#3796,#3797,#3798,#3799,#3800,
#3801,#3802,#3803,#3804,#3805,#3806,#3807,#3808,#3809,#3810,#3811,#3812,
#3813,#3814,#3815,#3816,#3817,#3818,#3819,#3820,#3821,#3822,#3823,#3824,
#3825,#3826,#3827,#3828,#3829,#3830,#3831,#3832,#3833,#3834,#3835,#3836,
#3837,#3838,#3839,#3840,#3841,#3842,#3843,#3844,#3845,#3846,#3847,#3848,
#3849,#3850,#3851,#3852,#3853,#3854,#3855,#3856,#3857,#3858,#3859,#3860,
#3861,#3862,#3863,#3864,#3865,#3866,#3867,#3868,#3869,#3870,#3871,#3872));
#3879=CLOSED_SHELL('',(#3873,#3874,#3875,#3876,#3877));
#3880=DERIVED_UNIT_ELEMENT(#3882,1.);
#3881=DERIVED_UNIT_ELEMENT(#6137,-3.);
#3882=(
MASS_UNIT()
NAMED_UNIT(*)
SI_UNIT(.KILO.,.GRAM.)
);
#3883=DERIVED_UNIT((#3880,#3881));
#3884=MEASURE_REPRESENTATION_ITEM('density measure',
POSITIVE_RATIO_MEASURE(7850.),#3883);
#3885=PROPERTY_DEFINITION_REPRESENTATION(#3890,#3887);
#3886=PROPERTY_DEFINITION_REPRESENTATION(#3891,#3888);
#3887=REPRESENTATION('material name',(#3889),#6134);
#3888=REPRESENTATION('density',(#3884),#6134);
#3889=DESCRIPTIVE_REPRESENTATION_ITEM('Steel','Steel');
#3890=PROPERTY_DEFINITION('material property','material name',#6144);
#3891=PROPERTY_DEFINITION('material property','density of part',#6144);
#3892=AXIS2_PLACEMENT_3D('',#5033,#4094,#4095);
#3893=AXIS2_PLACEMENT_3D('',#5034,#4096,#4097);
#3894=AXIS2_PLACEMENT_3D('',#5043,#4102,#4103);
#3895=AXIS2_PLACEMENT_3D('',#5053,#4109,#4110);
#3896=AXIS2_PLACEMENT_3D('',#5059,#4114,#4115);
#3897=AXIS2_PLACEMENT_3D('',#5066,#4120,#4121);
#3898=AXIS2_PLACEMENT_3D('',#5068,#4123,#4124);
#3899=AXIS2_PLACEMENT_3D('',#5239,#4210,#4211);
#3900=AXIS2_PLACEMENT_3D('',#5241,#4212,#4213);
#3901=AXIS2_PLACEMENT_3D('',#5243,#4214,#4215);
#3902=AXIS2_PLACEMENT_3D('',#5245,#4216,#4217);
#3903=AXIS2_PLACEMENT_3D('',#5246,#4218,#4219);
#3904=AXIS2_PLACEMENT_3D('',#5423,#4308,#4309);
#3905=AXIS2_PLACEMENT_3D('',#5432,#4314,#4315);
#3906=AXIS2_PLACEMENT_3D('',#5438,#4319,#4320);
#3907=AXIS2_PLACEMENT_3D('',#5444,#4324,#4325);
#3908=AXIS2_PLACEMENT_3D('',#5450,#4329,#4330);
#3909=AXIS2_PLACEMENT_3D('',#5456,#4334,#4335);
#3910=AXIS2_PLACEMENT_3D('',#5462,#4339,#4340);
#3911=AXIS2_PLACEMENT_3D('',#5468,#4344,#4345);
#3912=AXIS2_PLACEMENT_3D('',#5474,#4349,#4350);
#3913=AXIS2_PLACEMENT_3D('',#5480,#4354,#4355);
#3914=AXIS2_PLACEMENT_3D('',#5486,#4359,#4360);
#3915=AXIS2_PLACEMENT_3D('',#5492,#4364,#4365);
#3916=AXIS2_PLACEMENT_3D('',#5498,#4369,#4370);
#3917=AXIS2_PLACEMENT_3D('',#5504,#4374,#4375);
#3918=AXIS2_PLACEMENT_3D('',#5510,#4379,#4380);
#3919=AXIS2_PLACEMENT_3D('',#5516,#4384,#4385);
#3920=AXIS2_PLACEMENT_3D('',#5522,#4389,#4390);
#3921=AXIS2_PLACEMENT_3D('',#5528,#4394,#4395);
#3922=AXIS2_PLACEMENT_3D('',#5534,#4399,#4400);
#3923=AXIS2_PLACEMENT_3D('',#5540,#4404,#4405);
#3924=AXIS2_PLACEMENT_3D('',#5543,#4408,#4409);
#3925=AXIS2_PLACEMENT_3D('',#5544,#4410,#4411);
#3926=AXIS2_PLACEMENT_3D('',#5553,#4416,#4417);
#3927=AXIS2_PLACEMENT_3D('',#5559,#4421,#4422);
#3928=AXIS2_PLACEMENT_3D('',#5565,#4426,#4427);
#3929=AXIS2_PLACEMENT_3D('',#5571,#4431,#4432);
#3930=AXIS2_PLACEMENT_3D('',#5577,#4436,#4437);
#3931=AXIS2_PLACEMENT_3D('',#5583,#4441,#4442);
#3932=AXIS2_PLACEMENT_3D('',#5589,#4446,#4447);
#3933=AXIS2_PLACEMENT_3D('',#5595,#4451,#4452);
#3934=AXIS2_PLACEMENT_3D('',#5601,#4456,#4457);
#3935=AXIS2_PLACEMENT_3D('',#5607,#4461,#4462);
#3936=AXIS2_PLACEMENT_3D('',#5613,#4466,#4467);
#3937=AXIS2_PLACEMENT_3D('',#5619,#4471,#4472);
#3938=AXIS2_PLACEMENT_3D('',#5625,#4476,#4477);
#3939=AXIS2_PLACEMENT_3D('',#5631,#4481,#4482);
#3940=AXIS2_PLACEMENT_3D('',#5637,#4486,#4487);
#3941=AXIS2_PLACEMENT_3D('',#5643,#4491,#4492);
#3942=AXIS2_PLACEMENT_3D('',#5649,#4496,#4497);
#3943=AXIS2_PLACEMENT_3D('',#5655,#4501,#4502);
#3944=AXIS2_PLACEMENT_3D('',#5661,#4506,#4507);
#3945=AXIS2_PLACEMENT_3D('',#5664,#4510,#4511);
#3946=AXIS2_PLACEMENT_3D('',#5665,#4512,#4513);
#3947=AXIS2_PLACEMENT_3D('',#5674,#4518,#4519);
#3948=AXIS2_PLACEMENT_3D('',#5680,#4523,#4524);
#3949=AXIS2_PLACEMENT_3D('',#5686,#4528,#4529);
#3950=AXIS2_PLACEMENT_3D('',#5692,#4533,#4534);
#3951=AXIS2_PLACEMENT_3D('',#5698,#4538,#4539);
#3952=AXIS2_PLACEMENT_3D('',#5704,#4543,#4544);
#3953=AXIS2_PLACEMENT_3D('',#5710,#4548,#4549);
#3954=AXIS2_PLACEMENT_3D('',#5716,#4553,#4554);
#3955=AXIS2_PLACEMENT_3D('',#5722,#4558,#4559);
#3956=AXIS2_PLACEMENT_3D('',#5728,#4563,#4564);
#3957=AXIS2_PLACEMENT_3D('',#5734,#4568,#4569);
#3958=AXIS2_PLACEMENT_3D('',#5740,#4573,#4574);
#3959=AXIS2_PLACEMENT_3D('',#5746,#4578,#4579);
#3960=AXIS2_PLACEMENT_3D('',#5752,#4583,#4584);
#3961=AXIS2_PLACEMENT_3D('',#5758,#4588,#4589);
#3962=AXIS2_PLACEMENT_3D('',#5764,#4593,#4594);
#3963=AXIS2_PLACEMENT_3D('',#5770,#4598,#4599);
#3964=AXIS2_PLACEMENT_3D('',#5776,#4603,#4604);
#3965=AXIS2_PLACEMENT_3D('',#5782,#4608,#4609);
#3966=AXIS2_PLACEMENT_3D('',#5785,#4612,#4613);
#3967=AXIS2_PLACEMENT_3D('',#5786,#4614,#4615);
#3968=AXIS2_PLACEMENT_3D('',#5795,#4620,#4621);
#3969=AXIS2_PLACEMENT_3D('',#5801,#4625,#4626);
#3970=AXIS2_PLACEMENT_3D('',#5807,#4630,#4631);
#3971=AXIS2_PLACEMENT_3D('',#5813,#4635,#4636);
#3972=AXIS2_PLACEMENT_3D('',#5819,#4640,#4641);
#3973=AXIS2_PLACEMENT_3D('',#5825,#4645,#4646);
#3974=AXIS2_PLACEMENT_3D('',#5831,#4650,#4651);
#3975=AXIS2_PLACEMENT_3D('',#5837,#4655,#4656);
#3976=AXIS2_PLACEMENT_3D('',#5843,#4660,#4661);
#3977=AXIS2_PLACEMENT_3D('',#5849,#4665,#4666);
#3978=AXIS2_PLACEMENT_3D('',#5855,#4670,#4671);
#3979=AXIS2_PLACEMENT_3D('',#5861,#4675,#4676);
#3980=AXIS2_PLACEMENT_3D('',#5867,#4680,#4681);
#3981=AXIS2_PLACEMENT_3D('',#5873,#4685,#4686);
#3982=AXIS2_PLACEMENT_3D('',#5879,#4690,#4691);
#3983=AXIS2_PLACEMENT_3D('',#5885,#4695,#4696);
#3984=AXIS2_PLACEMENT_3D('',#5891,#4700,#4701);
#3985=AXIS2_PLACEMENT_3D('',#5897,#4705,#4706);
#3986=AXIS2_PLACEMENT_3D('',#5903,#4710,#4711);
#3987=AXIS2_PLACEMENT_3D('',#5906,#4714,#4715);
#3988=AXIS2_PLACEMENT_3D('',#5907,#4716,#4717);
#3989=AXIS2_PLACEMENT_3D('',#5909,#4718,#4719);
#3990=AXIS2_PLACEMENT_3D('',#5910,#4720,#4721);
#3991=AXIS2_PLACEMENT_3D('',#5912,#4722,#4723);
#3992=AXIS2_PLACEMENT_3D('',#5913,#4724,#4725);
#3993=AXIS2_PLACEMENT_3D('',#5915,#4726,#4727);
#3994=AXIS2_PLACEMENT_3D('',#5916,#4728,#4729);
#3995=AXIS2_PLACEMENT_3D('',#5918,#4730,#4731);
#3996=AXIS2_PLACEMENT_3D('',#5919,#4732,#4733);
#3997=AXIS2_PLACEMENT_3D('',#5921,#4735,#4736);
#3998=AXIS2_PLACEMENT_3D('',#5923,#4738,#4739);
#3999=AXIS2_PLACEMENT_3D('',#5925,#4741,#4742);
#4000=AXIS2_PLACEMENT_3D('',#5927,#4744,#4745);
#4001=AXIS2_PLACEMENT_3D('',#5930,#4748,#4749);
#4002=AXIS2_PLACEMENT_3D('',#5932,#4751,#4752);
#4003=AXIS2_PLACEMENT_3D('',#5934,#4754,#4755);
#4004=AXIS2_PLACEMENT_3D('',#5936,#4757,#4758);
#4005=AXIS2_PLACEMENT_3D('',#5938,#4760,#4761);
#4006=AXIS2_PLACEMENT_3D('',#5940,#4763,#4764);
#4007=AXIS2_PLACEMENT_3D('',#5942,#4766,#4767);
#4008=AXIS2_PLACEMENT_3D('',#5944,#4769,#4770);
#4009=AXIS2_PLACEMENT_3D('',#5946,#4772,#4773);
#4010=AXIS2_PLACEMENT_3D('',#5948,#4775,#4776);
#4011=AXIS2_PLACEMENT_3D('',#5950,#4778,#4779);
#4012=AXIS2_PLACEMENT_3D('',#5952,#4781,#4782);
#4013=AXIS2_PLACEMENT_3D('',#5954,#4784,#4785);
#4014=AXIS2_PLACEMENT_3D('',#5956,#4787,#4788);
#4015=AXIS2_PLACEMENT_3D('',#5958,#4790,#4791);
#4016=AXIS2_PLACEMENT_3D('',#5960,#4793,#4794);
#4017=AXIS2_PLACEMENT_3D('',#5962,#4796,#4797);
#4018=AXIS2_PLACEMENT_3D('',#5964,#4799,#4800);
#4019=AXIS2_PLACEMENT_3D('',#5966,#4802,#4803);
#4020=AXIS2_PLACEMENT_3D('',#5968,#4805,#4806);
#4021=AXIS2_PLACEMENT_3D('',#5970,#4808,#4809);
#4022=AXIS2_PLACEMENT_3D('',#5972,#4811,#4812);
#4023=AXIS2_PLACEMENT_3D('',#5974,#4814,#4815);
#4024=AXIS2_PLACEMENT_3D('',#5976,#4817,#4818);
#4025=AXIS2_PLACEMENT_3D('',#5978,#4820,#4821);
#4026=AXIS2_PLACEMENT_3D('',#5980,#4823,#4824);
#4027=AXIS2_PLACEMENT_3D('',#5982,#4826,#4827);
#4028=AXIS2_PLACEMENT_3D('',#5984,#4829,#4830);
#4029=AXIS2_PLACEMENT_3D('',#5986,#4832,#4833);
#4030=AXIS2_PLACEMENT_3D('',#5988,#4835,#4836);
#4031=AXIS2_PLACEMENT_3D('',#5990,#4838,#4839);
#4032=AXIS2_PLACEMENT_3D('',#5992,#4841,#4842);
#4033=AXIS2_PLACEMENT_3D('',#5994,#4844,#4845);
#4034=AXIS2_PLACEMENT_3D('',#5996,#4847,#4848);
#4035=AXIS2_PLACEMENT_3D('',#5998,#4850,#4851);
#4036=AXIS2_PLACEMENT_3D('',#6000,#4853,#4854);
#4037=AXIS2_PLACEMENT_3D('',#6002,#4856,#4857);
#4038=AXIS2_PLACEMENT_3D('',#6004,#4859,#4860);
#4039=AXIS2_PLACEMENT_3D('',#6006,#4862,#4863);
#4040=AXIS2_PLACEMENT_3D('',#6008,#4865,#4866);
#4041=AXIS2_PLACEMENT_3D('',#6010,#4868,#4869);
#4042=AXIS2_PLACEMENT_3D('',#6012,#4871,#4872);
#4043=AXIS2_PLACEMENT_3D('',#6014,#4874,#4875);
#4044=AXIS2_PLACEMENT_3D('',#6016,#4877,#4878);
#4045=AXIS2_PLACEMENT_3D('',#6018,#4880,#4881);
#4046=AXIS2_PLACEMENT_3D('',#6020,#4883,#4884);
#4047=AXIS2_PLACEMENT_3D('',#6022,#4886,#4887);
#4048=AXIS2_PLACEMENT_3D('',#6024,#4889,#4890);
#4049=AXIS2_PLACEMENT_3D('',#6026,#4892,#4893);
#4050=AXIS2_PLACEMENT_3D('',#6028,#4895,#4896);
#4051=AXIS2_PLACEMENT_3D('',#6030,#4898,#4899);
#4052=AXIS2_PLACEMENT_3D('',#6032,#4901,#4902);
#4053=AXIS2_PLACEMENT_3D('',#6034,#4904,#4905);
#4054=AXIS2_PLACEMENT_3D('',#6036,#4907,#4908);
#4055=AXIS2_PLACEMENT_3D('',#6038,#4910,#4911);
#4056=AXIS2_PLACEMENT_3D('',#6040,#4913,#4914);
#4057=AXIS2_PLACEMENT_3D('',#6042,#4916,#4917);
#4058=AXIS2_PLACEMENT_3D('',#6044,#4919,#4920);
#4059=AXIS2_PLACEMENT_3D('',#6046,#4922,#4923);
#4060=AXIS2_PLACEMENT_3D('',#6048,#4925,#4926);
#4061=AXIS2_PLACEMENT_3D('',#6050,#4928,#4929);
#4062=AXIS2_PLACEMENT_3D('',#6052,#4931,#4932);
#4063=AXIS2_PLACEMENT_3D('',#6054,#4934,#4935);
#4064=AXIS2_PLACEMENT_3D('',#6056,#4937,#4938);
#4065=AXIS2_PLACEMENT_3D('',#6058,#4940,#4941);
#4066=AXIS2_PLACEMENT_3D('',#6060,#4943,#4944);
#4067=AXIS2_PLACEMENT_3D('',#6062,#4946,#4947);
#4068=AXIS2_PLACEMENT_3D('',#6064,#4949,#4950);
#4069=AXIS2_PLACEMENT_3D('',#6066,#4952,#4953);
#4070=AXIS2_PLACEMENT_3D('',#6068,#4955,#4956);
#4071=AXIS2_PLACEMENT_3D('',#6070,#4958,#4959);
#4072=AXIS2_PLACEMENT_3D('',#6072,#4961,#4962);
#4073=AXIS2_PLACEMENT_3D('',#6074,#4964,#4965);
#4074=AXIS2_PLACEMENT_3D('',#6076,#4967,#4968);
#4075=AXIS2_PLACEMENT_3D('',#6078,#4970,#4971);
#4076=AXIS2_PLACEMENT_3D('',#6080,#4973,#4974);
#4077=AXIS2_PLACEMENT_3D('',#6082,#4976,#4977);
#4078=AXIS2_PLACEMENT_3D('',#6084,#4979,#4980);
#4079=AXIS2_PLACEMENT_3D('',#6086,#4982,#4983);
#4080=AXIS2_PLACEMENT_3D('',#6088,#4985,#4986);
#4081=AXIS2_PLACEMENT_3D('',#6090,#4988,#4989);
#4082=AXIS2_PLACEMENT_3D('',#6092,#4991,#4992);
#4083=AXIS2_PLACEMENT_3D('',#6094,#4994,#4995);
#4084=AXIS2_PLACEMENT_3D('',#6095,#4996,#4997);
#4085=AXIS2_PLACEMENT_3D('',#6101,#5001,#5002);
#4086=AXIS2_PLACEMENT_3D('',#6105,#5005,#5006);
#4087=AXIS2_PLACEMENT_3D('',#6109,#5009,#5010);
#4088=AXIS2_PLACEMENT_3D('',#6111,#5012,#5013);
#4089=AXIS2_PLACEMENT_3D('',#6112,#5014,#5015);
#4090=AXIS2_PLACEMENT_3D('',#6121,#5020,#5021);
#4091=AXIS2_PLACEMENT_3D('',#6127,#5025,#5026);
#4092=AXIS2_PLACEMENT_3D('',#6130,#5029,#5030);
#4093=AXIS2_PLACEMENT_3D('',#6131,#5031,#5032);
#4094=DIRECTION('axis',(0.,0.,1.));
#4095=DIRECTION('refdir',(1.,0.,0.));
#4096=DIRECTION('center_axis',(-1.,0.,0.));
#4097=DIRECTION('ref_axis',(0.,0.,1.));
#4098=DIRECTION('',(0.,1.,0.));
#4099=DIRECTION('',(0.,0.,1.));
#4100=DIRECTION('',(0.,-1.,0.));
#4101=DIRECTION('',(0.,0.,-1.));
#4102=DIRECTION('center_axis',(0.,1.,0.));
#4103=DIRECTION('ref_axis',(0.,0.,-1.));
#4104=DIRECTION('',(1.,0.,0.));
#4105=DIRECTION('',(-1.,0.,0.));
#4106=DIRECTION('',(0.,0.,-1.));
#4107=DIRECTION('',(-1.,0.,0.));
#4108=DIRECTION('',(0.,0.,1.));
#4109=DIRECTION('center_axis',(0.,0.,1.));
#4110=DIRECTION('ref_axis',(0.,1.,0.));
#4111=DIRECTION('',(0.,-1.,0.));
#4112=DIRECTION('',(0.,1.,0.));
#4113=DIRECTION('',(-1.,0.,0.));
#4114=DIRECTION('center_axis',(0.,-1.,0.));
#4115=DIRECTION('ref_axis',(0.,0.,1.));
#4116=DIRECTION('',(-1.,0.,0.));
#4117=DIRECTION('',(0.,0.,-1.));
#4118=DIRECTION('',(0.,0.,1.));
#4119=DIRECTION('',(-1.,0.,0.));
#4120=DIRECTION('center_axis',(0.,0.,-1.));
#4121=DIRECTION('ref_axis',(0.,-1.,0.));
#4122=DIRECTION('',(0.,-1.,0.));
#4123=DIRECTION('center_axis',(0.,0.,-1.));
#4124=DIRECTION('ref_axis',(-1.,0.,0.));
#4125=DIRECTION('',(0.,-1.,0.));
#4126=DIRECTION('',(0.0384331221015802,-0.9992611746313,0.));
#4127=DIRECTION('',(0.113191877530641,-0.993573147212166,0.));
#4128=DIRECTION('',(0.178885438199624,-0.983869910099973,0.));
#4129=DIRECTION('',(0.281473567950514,-0.959568981650203,0.));
#4130=DIRECTION('',(0.369194664320403,-0.92935208604562,0.));
#4131=DIRECTION('',(0.38921671110976,-0.921146216294081,0.));
#4132=DIRECTION('',(0.486702158215097,-0.87356797628391,0.));
#4133=DIRECTION('',(0.560566411907699,-0.828109472135736,0.));
#4134=DIRECTION('',(0.612173192991106,-0.790723707614154,0.));
#4135=DIRECTION('',(0.681418527918909,-0.731893974431288,0.));
#4136=DIRECTION('',(0.750208809520179,-0.66120098466224,0.));
#4137=DIRECTION('',(0.773392104960455,-0.633927954885124,0.));
#4138=DIRECTION('',(0.834019035196551,-0.551735669437652,0.));
#4139=DIRECTION('',(0.875947742748116,-0.482406003252945,0.));
#4140=DIRECTION('',(0.906834661210823,-0.421486532675306,0.));
#4141=DIRECTION('',(0.933674853581336,-0.358121861647499,0.));
#4142=DIRECTION('',(0.967074537262597,-0.254493299279833,0.));
#4143=DIRECTION('',(0.981548987080953,-0.191210841639158,0.));
#4144=DIRECTION('',(0.99167207352525,-0.128788580977237,0.));
#4145=DIRECTION('',(0.999279740613211,-0.0379473319219353,0.));
#4146=DIRECTION('',(1.,0.,0.));
#4147=DIRECTION('',(0.999271473521945,0.0381644101917109,0.));
#4148=DIRECTION('',(0.99199259030184,0.126296083811992,0.));
#4149=DIRECTION('',(0.981627966005906,0.190804969419323,0.));
#4150=DIRECTION('',(0.966904117475768,0.255140015694142,0.));
#4151=DIRECTION('',(0.933733867842799,0.35796796510767,0.));
#4152=DIRECTION('',(0.905180318419135,0.42502775338398,0.));
#4153=DIRECTION('',(0.879649904237882,0.475621746742394,0.));
#4154=DIRECTION('',(0.833105539012129,0.553114057737923,0.));
#4155=DIRECTION('',(0.778467454383872,0.627684970717871,0.));
#4156=DIRECTION('',(0.743864569702544,0.668330383823187,0.));
#4157=DIRECTION('',(0.670144612535801,0.742230556019651,0.));
#4158=DIRECTION('',(0.624764157240356,0.780813516678437,0.));
#4159=DIRECTION('',(0.549220215914173,0.835677661799805,0.));
#4160=DIRECTION('',(0.482734994092281,0.875766478850798,0.));
#4161=DIRECTION('',(0.422252821941834,0.906478104734007,0.));
#4162=DIRECTION('',(0.35321239733493,0.935543159009199,0.));
#4163=DIRECTION('',(0.265706154273578,0.964054064656721,0.));
#4164=DIRECTION('',(0.193150166780347,0.981169207156811,0.));
#4165=DIRECTION('',(0.1212036076254,0.992627667103123,0.));
#4166=DIRECTION('',(0.0353138574196484,0.999376271218276,0.));
#4167=DIRECTION('',(0.,1.,0.));
#4168=DIRECTION('',(-0.0344621897110483,0.99940600232354,0.));
#4169=DIRECTION('',(-0.124034101563306,0.9922779558417,0.));
#4170=DIRECTION('',(-0.19274770900374,0.981248348112653,0.));
#4171=DIRECTION('',(-0.263126022494728,0.964761471186585,0.));
#4172=DIRECTION('',(-0.353060002878281,0.935600681042713,0.));
#4173=DIRECTION('',(-0.419054159956021,0.907961238723082,0.));
#4174=DIRECTION('',(-0.488607610541198,0.872503640634938,0.));
#4175=DIRECTION('',(-0.550597803362269,0.834770662477213,0.));
#4176=DIRECTION('',(-0.633226668777503,0.773966398462457,0.));
#4177=DIRECTION('',(-0.662206548044904,0.749321351441724,0.));
#4178=DIRECTION('',(-0.732793040678817,0.680451585002705,0.));
#4179=DIRECTION('',(-0.789350846536696,0.613942376018956,0.));
#4180=DIRECTION('',(-0.826591415502073,0.56280248028796,0.));
#4181=DIRECTION('',(-0.87657906663535,0.481257872597112,0.));
#4182=DIRECTION('',(-0.918215312341653,0.396081607981638,0.));
#4183=DIRECTION('',(-0.929680595719285,0.368366651507754,0.));
#4184=DIRECTION('',(-0.964764114977892,0.263116328742487,0.));
#4185=DIRECTION('',(-0.981249765284909,0.192740494261872,0.));
#4186=DIRECTION('',(-0.994503995875873,0.104698625525464,0.));
#4187=DIRECTION('',(-0.998618636956724,0.0525434860158185,0.));
#4188=DIRECTION('',(-1.,0.,0.));
#4189=DIRECTION('',(-0.998634297051686,-0.052245006958417,0.));
#4190=DIRECTION('',(-0.994283135963819,-0.106775678588117,0.));
#4191=DIRECTION('',(-0.981169207156819,-0.193150166780304,0.));
#4192=DIRECTION('',(-0.96494495872075,-0.262452332127971,0.));
#4193=DIRECTION('',(-0.929618374646982,-0.368523645806755,0.));
#4194=DIRECTION('',(-0.919672156167231,-0.39268705755438,0.));
#4195=DIRECTION('',(-0.87280244379593,-0.488073656432973,0.));
#4196=DIRECTION('',(-0.827529853256885,-0.561421714906573,0.));
#4197=DIRECTION('',(-0.784425339822139,-0.620223255162947,0.));
#4198=DIRECTION('',(-0.739274653721788,-0.67340402906764,0.));
#4199=DIRECTION('',(-0.673566327686495,-0.739126783581091,0.));
#4200=DIRECTION('',(-0.620681415693669,-0.784062867512869,0.));
#4201=DIRECTION('',(-0.561947012855173,-0.827173231399051,0.));
#4202=DIRECTION('',(-0.492592805274843,-0.870259919904083,0.));
#4203=DIRECTION('',(-0.386173239739915,-0.922426272885144,0.));
#4204=DIRECTION('',(-0.369037474196657,-0.929414516046824,0.));
#4205=DIRECTION('',(-0.278765334791657,-0.960359249509524,0.));
#4206=DIRECTION('',(-0.178510654852705,-0.983937978789343,0.));
#4207=DIRECTION('',(-0.115840488096556,-0.993267829599626,0.));
#4208=DIRECTION('',(-0.0381644101921612,-0.999271473521927,0.));
#4209=DIRECTION('',(0.,-1.,0.));
#4210=DIRECTION('center_axis',(0.,0.,-1.));
#4211=DIRECTION('ref_axis',(1.,0.,0.));
#4212=DIRECTION('center_axis',(0.,0.,-1.));
#4213=DIRECTION('ref_axis',(1.,0.,0.));
#4214=DIRECTION('center_axis',(0.,0.,-1.));
#4215=DIRECTION('ref_axis',(1.,0.,0.));
#4216=DIRECTION('center_axis',(0.,0.,-1.));
#4217=DIRECTION('ref_axis',(1.,0.,0.));
#4218=DIRECTION('center_axis',(0.,0.,1.));
#4219=DIRECTION('ref_axis',(1.,0.,0.));
#4220=DIRECTION('',(1.,0.,0.));
#4221=DIRECTION('',(0.,1.,0.));
#4222=DIRECTION('',(-1.,0.,0.));
#4223=DIRECTION('',(0.,-1.,0.));
#4224=DIRECTION('',(0.833105539012129,0.553114057737923,0.));
#4225=DIRECTION('',(0.879649904237882,0.475621746742394,0.));
#4226=DIRECTION('',(0.905180318419135,0.42502775338398,0.));
#4227=DIRECTION('',(0.933733867842799,0.35796796510767,0.));
#4228=DIRECTION('',(0.966904117475768,0.255140015694142,0.));
#4229=DIRECTION('',(0.981627966005906,0.190804969419323,0.));
#4230=DIRECTION('',(0.99199259030184,0.126296083811992,0.));
#4231=DIRECTION('',(0.999271473521945,0.0381644101917109,0.));
#4232=DIRECTION('',(1.,0.,0.));
#4233=DIRECTION('',(0.999279740613211,-0.0379473319219353,0.));
#4234=DIRECTION('',(0.99167207352525,-0.128788580977237,0.));
#4235=DIRECTION('',(0.981548987080953,-0.191210841639158,0.));
#4236=DIRECTION('',(0.967074537262597,-0.254493299279833,0.));
#4237=DIRECTION('',(0.933674853581336,-0.358121861647499,0.));
#4238=DIRECTION('',(0.906834661210823,-0.421486532675306,0.));
#4239=DIRECTION('',(0.875947742748116,-0.482406003252945,0.));
#4240=DIRECTION('',(0.834019035196551,-0.551735669437652,0.));
#4241=DIRECTION('',(0.773392104960455,-0.633927954885124,0.));
#4242=DIRECTION('',(0.750208809520179,-0.66120098466224,0.));
#4243=DIRECTION('',(0.681418527918909,-0.731893974431288,0.));
#4244=DIRECTION('',(0.612173192991106,-0.790723707614154,0.));
#4245=DIRECTION('',(0.560566411907699,-0.828109472135736,0.));
#4246=DIRECTION('',(0.486702158215097,-0.87356797628391,0.));
#4247=DIRECTION('',(0.38921671110976,-0.921146216294081,0.));
#4248=DIRECTION('',(0.369194664320403,-0.92935208604562,0.));
#4249=DIRECTION('',(0.281473567950514,-0.959568981650203,0.));
#4250=DIRECTION('',(0.178885438199624,-0.983869910099973,0.));
#4251=DIRECTION('',(0.113191877530641,-0.993573147212166,0.));
#4252=DIRECTION('',(0.0384331221015802,-0.9992611746313,0.));
#4253=DIRECTION('',(0.,-1.,0.));
#4254=DIRECTION('',(-0.0381644101921612,-0.999271473521927,0.));
#4255=DIRECTION('',(-0.115840488096556,-0.993267829599626,0.));
#4256=DIRECTION('',(-0.178510654852705,-0.983937978789343,0.));
#4257=DIRECTION('',(-0.278765334791657,-0.960359249509524,0.));
#4258=DIRECTION('',(-0.369037474196657,-0.929414516046824,0.));
#4259=DIRECTION('',(-0.386173239739915,-0.922426272885144,0.));
#4260=DIRECTION('',(-0.492592805274843,-0.870259919904083,0.));
#4261=DIRECTION('',(-0.561947012855173,-0.827173231399051,0.));
#4262=DIRECTION('',(-0.620681415693669,-0.784062867512869,0.));
#4263=DIRECTION('',(-0.673566327686495,-0.739126783581091,0.));
#4264=DIRECTION('',(-0.739274653721788,-0.67340402906764,0.));
#4265=DIRECTION('',(-0.784425339822139,-0.620223255162947,0.));
#4266=DIRECTION('',(-0.827529853256885,-0.561421714906573,0.));
#4267=DIRECTION('',(-0.87280244379593,-0.488073656432973,0.));
#4268=DIRECTION('',(-0.919672156167231,-0.39268705755438,0.));
#4269=DIRECTION('',(-0.929618374646982,-0.368523645806755,0.));
#4270=DIRECTION('',(-0.96494495872075,-0.262452332127971,0.));
#4271=DIRECTION('',(-0.981169207156819,-0.193150166780304,0.));
#4272=DIRECTION('',(-0.994283135963819,-0.106775678588117,0.));
#4273=DIRECTION('',(-0.998634297051686,-0.052245006958417,0.));
#4274=DIRECTION('',(-1.,0.,0.));
#4275=DIRECTION('',(-0.998618636956724,0.0525434860158185,0.));
#4276=DIRECTION('',(-0.994503995875873,0.104698625525464,0.));
#4277=DIRECTION('',(-0.981249765284909,0.192740494261872,0.));
#4278=DIRECTION('',(-0.964764114977892,0.263116328742487,0.));
#4279=DIRECTION('',(-0.929680595719285,0.368366651507754,0.));
#4280=DIRECTION('',(-0.918215312341653,0.396081607981638,0.));
#4281=DIRECTION('',(-0.87657906663535,0.481257872597112,0.));
#4282=DIRECTION('',(-0.826591415502073,0.56280248028796,0.));
#4283=DIRECTION('',(-0.789350846536696,0.613942376018956,0.));
#4284=DIRECTION('',(-0.732793040678817,0.680451585002705,0.));
#4285=DIRECTION('',(-0.662206548044904,0.749321351441724,0.));
#4286=DIRECTION('',(-0.633226668777503,0.773966398462457,0.));
#4287=DIRECTION('',(-0.550597803362269,0.834770662477213,0.));
#4288=DIRECTION('',(-0.488607610541198,0.872503640634938,0.));
#4289=DIRECTION('',(-0.419054159956021,0.907961238723082,0.));
#4290=DIRECTION('',(-0.353060002878281,0.935600681042713,0.));
#4291=DIRECTION('',(-0.263126022494728,0.964761471186585,0.));
#4292=DIRECTION('',(-0.19274770900374,0.981248348112653,0.));
#4293=DIRECTION('',(-0.124034101563306,0.9922779558417,0.));
#4294=DIRECTION('',(-0.0344621897110483,0.99940600232354,0.));
#4295=DIRECTION('',(0.,1.,0.));
#4296=DIRECTION('',(0.0353138574196484,0.999376271218276,0.));
#4297=DIRECTION('',(0.1212036076254,0.992627667103123,0.));
#4298=DIRECTION('',(0.193150166780347,0.981169207156811,0.));
#4299=DIRECTION('',(0.265706154273578,0.964054064656721,0.));
#4300=DIRECTION('',(0.35321239733493,0.935543159009199,0.));
#4301=DIRECTION('',(0.422252821941834,0.906478104734007,0.));
#4302=DIRECTION('',(0.482734994092281,0.875766478850798,0.));
#4303=DIRECTION('',(0.549220215914173,0.835677661799805,0.));
#4304=DIRECTION('',(0.624764157240356,0.780813516678437,0.));
#4305=DIRECTION('',(0.670144612535801,0.742230556019651,0.));
#4306=DIRECTION('',(0.743864569702544,0.668330383823187,0.));
#4307=DIRECTION('',(0.778467454383872,0.627684970717871,0.));
#4308=DIRECTION('center_axis',(0.889884347137438,-0.456186199615656,0.));
#4309=DIRECTION('ref_axis',(-0.456186199615656,-0.889884347137438,0.));
#4310=DIRECTION('',(-0.456186199615656,-0.889884347137438,0.));
#4311=DIRECTION('',(0.,0.,-1.));
#4312=DIRECTION('',(-0.456186199615656,-0.889884347137438,0.));
#4313=DIRECTION('',(0.,0.,-1.));
#4314=DIRECTION('center_axis',(0.706947469086931,-0.707266057401021,0.));
#4315=DIRECTION('ref_axis',(-0.70726605740102,-0.70694746908693,0.));
#4316=DIRECTION('',(-0.70726605740102,-0.706947469086931,0.));
#4317=DIRECTION('',(-0.70726605740102,-0.706947469086931,0.));
#4318=DIRECTION('',(0.,0.,-1.));
#4319=DIRECTION('center_axis',(0.454631163759842,-0.890679799332157,0.));
#4320=DIRECTION('ref_axis',(-0.890679799332157,-0.454631163759842,0.));
#4321=DIRECTION('',(-0.890679799332157,-0.454631163759842,0.));
#4322=DIRECTION('',(-0.890679799332157,-0.454631163759842,0.));
#4323=DIRECTION('',(0.,0.,-1.));
#4324=DIRECTION('center_axis',(0.15799050110667,-0.987440631916706,0.));
#4325=DIRECTION('ref_axis',(-0.987440631916706,-0.15799050110667,0.));
#4326=DIRECTION('',(-0.987440631916706,-0.15799050110667,0.));
#4327=DIRECTION('',(-0.987440631916706,-0.15799050110667,0.));
#4328=DIRECTION('',(0.,0.,-1.));
#4329=DIRECTION('center_axis',(-0.157495113875622,-0.987519766437769,0.));
#4330=DIRECTION('ref_axis',(-0.987519766437769,0.157495113875622,0.));
#4331=DIRECTION('',(-0.987519766437769,0.157495113875622,0.));
#4332=DIRECTION('',(-0.987519766437769,0.157495113875622,0.));
#4333=DIRECTION('',(0.,0.,-1.));
#4334=DIRECTION('center_axis',(-0.454631163759842,-0.890679799332157,0.));
#4335=DIRECTION('ref_axis',(-0.890679799332157,0.454631163759842,0.));
#4336=DIRECTION('',(-0.890679799332157,0.454631163759842,0.));
#4337=DIRECTION('',(-0.890679799332157,0.454631163759842,0.));
#4338=DIRECTION('',(0.,0.,-1.));
#4339=DIRECTION('center_axis',(-0.706947469086931,-0.707266057401021,0.));
#4340=DIRECTION('ref_axis',(-0.70726605740102,0.70694746908693,0.));
#4341=DIRECTION('',(-0.70726605740102,0.706947469086931,0.));
#4342=DIRECTION('',(-0.70726605740102,0.706947469086931,0.));
#4343=DIRECTION('',(0.,0.,-1.));
#4344=DIRECTION('center_axis',(-0.889884347137438,-0.456186199615656,0.));
#4345=DIRECTION('ref_axis',(-0.456186199615656,0.889884347137438,0.));
#4346=DIRECTION('',(-0.456186199615656,0.889884347137438,0.));
#4347=DIRECTION('',(-0.456186199615656,0.889884347137438,0.));
#4348=DIRECTION('',(0.,0.,-1.));
#4349=DIRECTION('center_axis',(-0.988231279934413,-0.15296711201821,0.));
#4350=DIRECTION('ref_axis',(-0.15296711201821,0.988231279934413,0.));
#4351=DIRECTION('',(-0.15296711201821,0.988231279934413,0.));
#4352=DIRECTION('',(-0.15296711201821,0.988231279934413,0.));
#4353=DIRECTION('',(0.,0.,-1.));
#4354=DIRECTION('center_axis',(-0.988223819602305,0.153015301099695,0.));
#4355=DIRECTION('ref_axis',(0.153015301099695,0.988223819602305,0.));
#4356=DIRECTION('',(0.153015301099695,0.988223819602305,0.));
#4357=DIRECTION('',(0.153015301099695,0.988223819602305,0.));
#4358=DIRECTION('',(0.,0.,-1.));
#4359=DIRECTION('center_axis',(-0.890814734889433,0.454366711042819,0.));
#4360=DIRECTION('ref_axis',(0.454366711042819,0.890814734889433,0.));
#4361=DIRECTION('',(0.454366711042819,0.890814734889433,0.));
#4362=DIRECTION('',(0.454366711042819,0.890814734889433,0.));
#4363=DIRECTION('',(0.,0.,-1.));
#4364=DIRECTION('center_axis',(0.988231279934413,-0.15296711201821,0.));
#4365=DIRECTION('ref_axis',(-0.15296711201821,-0.988231279934413,0.));
#4366=DIRECTION('',(-0.15296711201821,-0.988231279934413,0.));
#4367=DIRECTION('',(0.,0.,-1.));
#4368=DIRECTION('',(-0.15296711201821,-0.988231279934413,0.));
#4369=DIRECTION('center_axis',(0.988223819602305,0.153015301099695,0.));
#4370=DIRECTION('ref_axis',(0.153015301099695,-0.988223819602305,0.));
#4371=DIRECTION('',(0.153015301099695,-0.988223819602305,0.));
#4372=DIRECTION('',(0.,0.,-1.));
#4373=DIRECTION('',(0.153015301099695,-0.988223819602305,0.));
#4374=DIRECTION('center_axis',(0.890814734889433,0.454366711042819,0.));
#4375=DIRECTION('ref_axis',(0.454366711042819,-0.890814734889433,0.));
#4376=DIRECTION('',(0.454366711042819,-0.890814734889433,0.));
#4377=DIRECTION('',(0.,0.,-1.));
#4378=DIRECTION('',(0.454366711042819,-0.890814734889433,0.));
#4379=DIRECTION('center_axis',(0.704705760188961,0.709499676924872,0.));
#4380=DIRECTION('ref_axis',(0.709499676924872,-0.704705760188961,0.));
#4381=DIRECTION('',(0.709499676924872,-0.704705760188961,0.));
#4382=DIRECTION('',(0.,0.,-1.));
#4383=DIRECTION('',(0.709499676924872,-0.704705760188961,0.));
#4384=DIRECTION('center_axis',(0.45817862568335,0.888860139148402,0.));
#4385=DIRECTION('ref_axis',(0.888860139148402,-0.45817862568335,0.));
#4386=DIRECTION('',(0.888860139148402,-0.45817862568335,0.));
#4387=DIRECTION('',(0.,0.,-1.));
#4388=DIRECTION('',(0.888860139148402,-0.45817862568335,0.));
#4389=DIRECTION('center_axis',(0.14927622895881,0.9887955337014,0.));
#4390=DIRECTION('ref_axis',(0.9887955337014,-0.14927622895881,0.));
#4391=DIRECTION('',(0.9887955337014,-0.14927622895881,0.));
#4392=DIRECTION('',(0.,0.,-1.));
#4393=DIRECTION('',(0.9887955337014,-0.14927622895881,0.));
#4394=DIRECTION('center_axis',(-0.14880688645291,0.988866275359915,0.));
#4395=DIRECTION('ref_axis',(0.988866275359915,0.14880688645291,0.));
#4396=DIRECTION('',(0.988866275359915,0.14880688645291,0.));
#4397=DIRECTION('',(0.,0.,-1.));
#4398=DIRECTION('',(0.988866275359915,0.14880688645291,0.));
#4399=DIRECTION('center_axis',(-0.458178625683328,0.888860139148413,0.));
#4400=DIRECTION('ref_axis',(0.888860139148413,0.458178625683328,0.));
#4401=DIRECTION('',(0.888860139148413,0.458178625683328,0.));
#4402=DIRECTION('',(0.,0.,-1.));
#4403=DIRECTION('',(0.888860139148413,0.458178625683328,0.));
#4404=DIRECTION('center_axis',(-0.704705760188975,0.709499676924858,0.));
#4405=DIRECTION('ref_axis',(0.709499676924858,0.704705760188975,0.));
#4406=DIRECTION('',(0.709499676924858,0.704705760188975,0.));
#4407=DIRECTION('',(0.709499676924858,0.704705760188975,0.));
#4408=DIRECTION('center_axis',(0.,0.,-1.));
#4409=DIRECTION('ref_axis',(-1.,0.,0.));
#4410=DIRECTION('center_axis',(-0.15394904977585,-0.988078787381408,0.));
#4411=DIRECTION('ref_axis',(-0.988078787381408,0.15394904977585,0.));
#4412=DIRECTION('',(-0.988078787381408,0.15394904977585,0.));
#4413=DIRECTION('',(0.,0.,-1.));
#4414=DIRECTION('',(-0.988078787381408,0.15394904977585,0.));
#4415=DIRECTION('',(0.,0.,-1.));
#4416=DIRECTION('center_axis',(-0.45539316647002,-0.890290437965279,0.));
#4417=DIRECTION('ref_axis',(-0.890290437965279,0.45539316647002,0.));
#4418=DIRECTION('',(-0.890290437965279,0.45539316647002,0.));
#4419=DIRECTION('',(-0.890290437965279,0.45539316647002,0.));
#4420=DIRECTION('',(0.,0.,-1.));
#4421=DIRECTION('center_axis',(-0.706309143163989,-0.707903520462324,0.));
#4422=DIRECTION('ref_axis',(-0.707903520462324,0.706309143163989,0.));
#4423=DIRECTION('',(-0.707903520462324,0.706309143163989,0.));
#4424=DIRECTION('',(-0.707903520462324,0.706309143163989,0.));
#4425=DIRECTION('',(0.,0.,-1.));
#4426=DIRECTION('center_axis',(-0.891012657587627,-0.453978462064703,0.));
#4427=DIRECTION('ref_axis',(-0.453978462064703,0.891012657587628,0.));
#4428=DIRECTION('',(-0.453978462064703,0.891012657587628,0.));
#4429=DIRECTION('',(-0.453978462064703,0.891012657587628,0.));
#4430=DIRECTION('',(0.,0.,-1.));
#4431=DIRECTION('center_axis',(-0.988126190141146,-0.153644499924804,0.));
#4432=DIRECTION('ref_axis',(-0.153644499924804,0.988126190141146,0.));
#4433=DIRECTION('',(-0.153644499924804,0.988126190141146,0.));
#4434=DIRECTION('',(-0.153644499924804,0.988126190141146,0.));
#4435=DIRECTION('',(0.,0.,-1.));
#4436=DIRECTION('center_axis',(-0.988208877767328,0.153111769311958,0.));
#4437=DIRECTION('ref_axis',(0.153111769311958,0.988208877767328,0.));
#4438=DIRECTION('',(0.153111769311958,0.988208877767328,0.));
#4439=DIRECTION('',(0.153111769311958,0.988208877767328,0.));
#4440=DIRECTION('',(0.,0.,-1.));
#4441=DIRECTION('center_axis',(-0.890748647760501,0.45449625577428,0.));
#4442=DIRECTION('ref_axis',(0.45449625577428,0.890748647760501,0.));
#4443=DIRECTION('',(0.45449625577428,0.890748647760501,0.));
#4444=DIRECTION('',(0.45449625577428,0.890748647760501,0.));
#4445=DIRECTION('',(0.,0.,-1.));
#4446=DIRECTION('center_axis',(-0.706947469086909,0.707266057401042,0.));
#4447=DIRECTION('ref_axis',(0.707266057401042,0.706947469086909,0.));
#4448=DIRECTION('',(0.707266057401042,0.706947469086909,0.));
#4449=DIRECTION('',(0.707266057401042,0.706947469086909,0.));
#4450=DIRECTION('',(0.,0.,-1.));
#4451=DIRECTION('center_axis',(-0.451828601334142,0.892104766838757,0.));
#4452=DIRECTION('ref_axis',(0.892104766838757,0.451828601334142,0.));
#4453=DIRECTION('',(0.892104766838757,0.451828601334142,0.));
#4454=DIRECTION('',(0.892104766838757,0.451828601334142,0.));
#4455=DIRECTION('',(0.,0.,-1.));
#4456=DIRECTION('center_axis',(-0.157058555192825,0.987589292287408,0.));
#4457=DIRECTION('ref_axis',(0.987589292287408,0.157058555192825,0.));
#4458=DIRECTION('',(0.987589292287407,0.157058555192825,0.));
#4459=DIRECTION('',(0.987589292287407,0.157058555192825,0.));
#4460=DIRECTION('',(0.,0.,-1.));
#4461=DIRECTION('center_axis',(0.157554237944475,0.987510335189326,0.));
#4462=DIRECTION('ref_axis',(0.987510335189326,-0.157554237944475,0.));
#4463=DIRECTION('',(0.987510335189326,-0.157554237944475,0.));
#4464=DIRECTION('',(0.987510335189326,-0.157554237944475,0.));
#4465=DIRECTION('',(0.,0.,-1.));
#4466=DIRECTION('center_axis',(0.154435402853772,-0.988002887822396,0.));
#4467=DIRECTION('ref_axis',(-0.988002887822396,-0.154435402853772,0.));
#4468=DIRECTION('',(-0.988002887822396,-0.154435402853772,0.));
#4469=DIRECTION('',(0.,0.,-1.));
#4470=DIRECTION('',(-0.988002887822396,-0.154435402853772,0.));
#4471=DIRECTION('center_axis',(0.456694780402458,-0.889623447056759,0.));
#4472=DIRECTION('ref_axis',(-0.889623447056759,-0.456694780402458,0.));
#4473=DIRECTION('',(-0.889623447056759,-0.456694780402458,0.));
#4474=DIRECTION('',(0.,0.,-1.));
#4475=DIRECTION('',(-0.889623447056759,-0.456694780402458,0.));
#4476=DIRECTION('center_axis',(0.704716581506885,-0.709488928560024,0.));
#4477=DIRECTION('ref_axis',(-0.709488928560024,-0.704716581506885,0.));
#4478=DIRECTION('',(-0.709488928560024,-0.704716581506884,0.));
#4479=DIRECTION('',(0.,0.,-1.));
#4480=DIRECTION('',(-0.709488928560024,-0.704716581506884,0.));
#4481=DIRECTION('center_axis',(0.891012657587627,-0.453978462064703,0.));
#4482=DIRECTION('ref_axis',(-0.453978462064703,-0.891012657587628,0.));
#4483=DIRECTION('',(-0.453978462064703,-0.891012657587628,0.));
#4484=DIRECTION('',(0.,0.,-1.));
#4485=DIRECTION('',(-0.453978462064703,-0.891012657587628,0.));
#4486=DIRECTION('center_axis',(0.988126190141146,-0.153644499924804,0.));
#4487=DIRECTION('ref_axis',(-0.153644499924804,-0.988126190141146,0.));
#4488=DIRECTION('',(-0.153644499924804,-0.988126190141146,0.));
#4489=DIRECTION('',(0.,0.,-1.));
#4490=DIRECTION('',(-0.153644499924804,-0.988126190141146,0.));
#4491=DIRECTION('center_axis',(0.988208877767328,0.153111769311958,0.));
#4492=DIRECTION('ref_axis',(0.153111769311958,-0.988208877767328,0.));
#4493=DIRECTION('',(0.153111769311958,-0.988208877767328,0.));
#4494=DIRECTION('',(0.,0.,-1.));
#4495=DIRECTION('',(0.153111769311958,-0.988208877767328,0.));
#4496=DIRECTION('center_axis',(0.890748647760501,0.45449625577428,0.));
#4497=DIRECTION('ref_axis',(0.45449625577428,-0.890748647760501,0.));
#4498=DIRECTION('',(0.45449625577428,-0.890748647760501,0.));
#4499=DIRECTION('',(0.,0.,-1.));
#4500=DIRECTION('',(0.45449625577428,-0.890748647760501,0.));
#4501=DIRECTION('center_axis',(0.705356327958887,0.708852911828932,0.));
#4502=DIRECTION('ref_axis',(0.708852911828932,-0.705356327958887,0.));
#4503=DIRECTION('',(0.708852911828932,-0.705356327958887,0.));
#4504=DIRECTION('',(0.,0.,-1.));
#4505=DIRECTION('',(0.708852911828932,-0.705356327958887,0.));
#4506=DIRECTION('center_axis',(0.453125318631963,0.891446827138154,0.));
#4507=DIRECTION('ref_axis',(0.891446827138154,-0.453125318631963,0.));
#4508=DIRECTION('',(0.891446827138154,-0.453125318631963,0.));
#4509=DIRECTION('',(0.891446827138154,-0.453125318631963,0.));
#4510=DIRECTION('center_axis',(0.,0.,-1.));
#4511=DIRECTION('ref_axis',(-1.,0.,0.));
#4512=DIRECTION('center_axis',(-0.988126190141155,-0.153644499924749,0.));
#4513=DIRECTION('ref_axis',(-0.153644499924749,0.988126190141155,0.));
#4514=DIRECTION('',(-0.153644499924749,0.988126190141155,0.));
#4515=DIRECTION('',(0.,0.,-1.));
#4516=DIRECTION('',(-0.153644499924749,0.988126190141155,0.));
#4517=DIRECTION('',(0.,0.,-1.));
#4518=DIRECTION('center_axis',(-0.988231279934415,0.152967112018199,0.));
#4519=DIRECTION('ref_axis',(0.152967112018199,0.988231279934415,0.));
#4520=DIRECTION('',(0.152967112018199,0.988231279934415,0.));
#4521=DIRECTION('',(0.152967112018199,0.988231279934415,0.));
#4522=DIRECTION('',(0.,0.,-1.));
#4523=DIRECTION('center_axis',(-0.890748647760501,0.45449625577428,0.));
#4524=DIRECTION('ref_axis',(0.45449625577428,0.890748647760501,0.));
#4525=DIRECTION('',(0.45449625577428,0.890748647760501,0.));
#4526=DIRECTION('',(0.45449625577428,0.890748647760501,0.));
#4527=DIRECTION('',(0.,0.,-1.));
#4528=DIRECTION('center_axis',(-0.706947469086725,0.707266057401226,0.));
#4529=DIRECTION('ref_axis',(0.707266057401226,0.706947469086725,0.));
#4530=DIRECTION('',(0.707266057401226,0.706947469086725,0.));
#4531=DIRECTION('',(0.707266057401226,0.706947469086725,0.));
#4532=DIRECTION('',(0.,0.,-1.));
#4533=DIRECTION('center_axis',(-0.452101444940998,0.891966525987529,0.));
#4534=DIRECTION('ref_axis',(0.891966525987529,0.452101444940998,0.));
#4535=DIRECTION('',(0.891966525987529,0.452101444940998,0.));
#4536=DIRECTION('',(0.891966525987529,0.452101444940998,0.));
#4537=DIRECTION('',(0.,0.,-1.));
#4538=DIRECTION('center_axis',(-0.15346571352449,0.988153973210865,0.));
#4539=DIRECTION('ref_axis',(0.988153973210865,0.15346571352449,0.));
#4540=DIRECTION('',(0.988153973210865,0.15346571352449,0.));
#4541=DIRECTION('',(0.988153973210865,0.15346571352449,0.));
#4542=DIRECTION('',(0.,0.,-1.));
#4543=DIRECTION('center_axis',(0.154435402853838,0.988002887822385,0.));
#4544=DIRECTION('ref_axis',(0.988002887822385,-0.154435402853838,0.));
#4545=DIRECTION('',(0.988002887822385,-0.154435402853838,0.));
#4546=DIRECTION('',(0.988002887822385,-0.154435402853838,0.));
#4547=DIRECTION('',(0.,0.,-1.));
#4548=DIRECTION('center_axis',(0.450806155207363,0.892621874271046,0.));
#4549=DIRECTION('ref_axis',(0.892621874271046,-0.450806155207363,0.));
#4550=DIRECTION('',(0.892621874271046,-0.450806155207363,0.));
#4551=DIRECTION('',(0.892621874271046,-0.450806155207363,0.));
#4552=DIRECTION('',(0.,0.,-1.));
#4553=DIRECTION('center_axis',(0.706947469086895,0.707266057401056,0.));
#4554=DIRECTION('ref_axis',(0.707266057401056,-0.706947469086895,0.));
#4555=DIRECTION('',(0.707266057401056,-0.706947469086895,0.));
#4556=DIRECTION('',(0.707266057401056,-0.706947469086895,0.));
#4557=DIRECTION('',(0.,0.,-1.));
#4558=DIRECTION('center_axis',(0.890748647760501,0.45449625577428,0.));
#4559=DIRECTION('ref_axis',(0.45449625577428,-0.890748647760501,0.));
#4560=DIRECTION('',(0.45449625577428,-0.890748647760501,0.));
#4561=DIRECTION('',(0.45449625577428,-0.890748647760501,0.));
#4562=DIRECTION('',(0.,0.,-1.));
#4563=DIRECTION('center_axis',(0.987249191573472,0.159182391417916,0.));
#4564=DIRECTION('ref_axis',(0.159182391417916,-0.987249191573472,0.));
#4565=DIRECTION('',(0.159182391417916,-0.987249191573472,0.));
#4566=DIRECTION('',(0.159182391417916,-0.987249191573472,0.));
#4567=DIRECTION('',(0.,0.,-1.));
#4568=DIRECTION('center_axis',(-0.890748647760489,-0.454496255774303,0.));
#4569=DIRECTION('ref_axis',(-0.454496255774303,0.890748647760489,0.));
#4570=DIRECTION('',(-0.454496255774303,0.890748647760489,0.));
#4571=DIRECTION('',(0.,0.,-1.));
#4572=DIRECTION('',(-0.454496255774303,0.890748647760489,0.));
#4573=DIRECTION('center_axis',(-0.706947469086824,-0.707266057401127,0.));
#4574=DIRECTION('ref_axis',(-0.707266057401127,0.706947469086824,0.));
#4575=DIRECTION('',(-0.707266057401127,0.706947469086824,0.));
#4576=DIRECTION('',(0.,0.,-1.));
#4577=DIRECTION('',(-0.707266057401127,0.706947469086824,0.));
#4578=DIRECTION('center_axis',(-0.460242321035512,-0.887793335144979,0.));
#4579=DIRECTION('ref_axis',(-0.887793335144979,0.460242321035512,0.));
#4580=DIRECTION('',(-0.887793335144979,0.460242321035512,0.));
#4581=DIRECTION('',(0.,0.,-1.));
#4582=DIRECTION('',(-0.887793335144979,0.460242321035512,0.));
#4583=DIRECTION('center_axis',(-0.152534756056154,-0.988298106946932,0.));
#4584=DIRECTION('ref_axis',(-0.988298106946932,0.152534756056154,0.));
#4585=DIRECTION('',(-0.988298106946932,0.152534756056154,0.));
#4586=DIRECTION('',(0.,0.,-1.));
#4587=DIRECTION('',(-0.988298106946932,0.152534756056154,0.));
#4588=DIRECTION('center_axis',(0.153498846889213,-0.988148826849317,0.));
#4589=DIRECTION('ref_axis',(-0.988148826849317,-0.153498846889213,0.));
#4590=DIRECTION('',(-0.988148826849317,-0.153498846889213,0.));
#4591=DIRECTION('',(0.,0.,-1.));
#4592=DIRECTION('',(-0.988148826849317,-0.153498846889213,0.));
#4593=DIRECTION('center_axis',(0.458935964762748,-0.888469346824799,0.));
#4594=DIRECTION('ref_axis',(-0.888469346824799,-0.458935964762748,0.));
#4595=DIRECTION('',(-0.888469346824799,-0.458935964762748,0.));
#4596=DIRECTION('',(0.,0.,-1.));
#4597=DIRECTION('',(-0.888469346824799,-0.458935964762748,0.));
#4598=DIRECTION('center_axis',(0.706947469086937,-0.707266057401013,0.));
#4599=DIRECTION('ref_axis',(-0.707266057401013,-0.706947469086937,0.));
#4600=DIRECTION('',(-0.707266057401013,-0.706947469086937,0.));
#4601=DIRECTION('',(0.,0.,-1.));
#4602=DIRECTION('',(-0.707266057401013,-0.706947469086937,0.));
#4603=DIRECTION('center_axis',(0.890748647760489,-0.454496255774303,0.));
#4604=DIRECTION('ref_axis',(-0.454496255774303,-0.890748647760489,0.));
#4605=DIRECTION('',(-0.454496255774303,-0.890748647760489,0.));
#4606=DIRECTION('',(0.,0.,-1.));
#4607=DIRECTION('',(-0.454496255774303,-0.890748647760489,0.));
#4608=DIRECTION('center_axis',(0.987135502978426,-0.159885892934714,0.));
#4609=DIRECTION('ref_axis',(-0.159885892934714,-0.987135502978426,0.));
#4610=DIRECTION('',(-0.159885892934714,-0.987135502978425,0.));
#4611=DIRECTION('',(-0.159885892934714,-0.987135502978425,0.));
#4612=DIRECTION('center_axis',(0.,0.,-1.));
#4613=DIRECTION('ref_axis',(-1.,0.,0.));
#4614=DIRECTION('center_axis',(0.988028809004361,-0.154269480382296,0.));
#4615=DIRECTION('ref_axis',(-0.154269480382296,-0.988028809004361,0.));
#4616=DIRECTION('',(-0.154269480382296,-0.988028809004361,0.));
#4617=DIRECTION('',(0.,0.,-1.));
#4618=DIRECTION('',(-0.154269480382296,-0.988028809004361,0.));
#4619=DIRECTION('',(0.,0.,-1.));
#4620=DIRECTION('center_axis',(0.890878207254614,-0.454242247967762,0.));
#4621=DIRECTION('ref_axis',(-0.454242247967762,-0.890878207254614,0.));
#4622=DIRECTION('',(-0.454242247967762,-0.890878207254614,0.));
#4623=DIRECTION('',(-0.454242247967762,-0.890878207254614,0.));
#4624=DIRECTION('',(0.,0.,-1.));
#4625=DIRECTION('center_axis',(0.70710678118654,-0.707106781186555,0.));
#4626=DIRECTION('ref_axis',(-0.707106781186555,-0.70710678118654,0.));
#4627=DIRECTION('',(-0.707106781186555,-0.70710678118654,0.));
#4628=DIRECTION('',(-0.707106781186555,-0.70710678118654,0.));
#4629=DIRECTION('',(0.,0.,-1.));
#4630=DIRECTION('center_axis',(0.458415220074238,-0.888738142539346,0.));
#4631=DIRECTION('ref_axis',(-0.888738142539346,-0.458415220074238,0.));
#4632=DIRECTION('',(-0.888738142539346,-0.458415220074238,0.));
#4633=DIRECTION('',(-0.888738142539346,-0.458415220074238,0.));
#4634=DIRECTION('',(0.,0.,-1.));
#4635=DIRECTION('center_axis',(0.153693111638702,-0.988118630243765,0.));
#4636=DIRECTION('ref_axis',(-0.988118630243765,-0.153693111638702,0.));
#4637=DIRECTION('',(-0.988118630243765,-0.153693111638702,0.));
#4638=DIRECTION('',(-0.988118630243765,-0.153693111638702,0.));
#4639=DIRECTION('',(0.,0.,-1.));
#4640=DIRECTION('center_axis',(-0.152967112018236,-0.988231279934409,0.));
#4641=DIRECTION('ref_axis',(-0.988231279934409,0.152967112018236,0.));
#4642=DIRECTION('',(-0.988231279934409,0.152967112018236,0.));
#4643=DIRECTION('',(-0.988231279934409,0.152967112018236,0.));
#4644=DIRECTION('',(0.,0.,-1.));
#4645=DIRECTION('center_axis',(-0.458415220074238,-0.888738142539346,0.));
#4646=DIRECTION('ref_axis',(-0.888738142539346,0.458415220074238,0.));
#4647=DIRECTION('',(-0.888738142539346,0.458415220074238,0.));
#4648=DIRECTION('',(-0.888738142539346,0.458415220074238,0.));
#4649=DIRECTION('',(0.,0.,-1.));
#4650=DIRECTION('center_axis',(-0.707266129187499,-0.706947397268094,0.));
#4651=DIRECTION('ref_axis',(-0.706947397268094,0.707266129187499,0.));
#4652=DIRECTION('',(-0.706947397268094,0.707266129187499,0.));
#4653=DIRECTION('',(-0.706947397268094,0.707266129187499,0.));
#4654=DIRECTION('',(0.,0.,-1.));
#4655=DIRECTION('center_axis',(-0.890748647760472,-0.454496255774336,0.));
#4656=DIRECTION('ref_axis',(-0.454496255774336,0.890748647760472,0.));
#4657=DIRECTION('',(-0.454496255774336,0.890748647760472,0.));
#4658=DIRECTION('',(-0.454496255774336,0.890748647760472,0.));
#4659=DIRECTION('',(0.,0.,-1.));
#4660=DIRECTION('center_axis',(-0.988028809004363,-0.154269480382282,0.));
#4661=DIRECTION('ref_axis',(-0.154269480382282,0.988028809004363,0.));
#4662=DIRECTION('',(-0.154269480382282,0.988028809004363,0.));
#4663=DIRECTION('',(-0.154269480382282,0.988028809004363,0.));
#4664=DIRECTION('',(0.,0.,-1.));
#4665=DIRECTION('center_axis',(-0.988134745181565,0.153589470228149,0.));
#4666=DIRECTION('ref_axis',(0.153589470228149,0.988134745181565,0.));
#4667=DIRECTION('',(0.153589470228149,0.988134745181565,0.));
#4668=DIRECTION('',(0.153589470228149,0.988134745181565,0.));
#4669=DIRECTION('',(0.,0.,-1.));
#4670=DIRECTION('center_axis',(0.988134745181563,0.153589470228162,0.));
#4671=DIRECTION('ref_axis',(0.153589470228162,-0.988134745181563,0.));
#4672=DIRECTION('',(0.153589470228162,-0.988134745181563,0.));
#4673=DIRECTION('',(0.,0.,-1.));
#4674=DIRECTION('',(0.153589470228162,-0.988134745181563,0.));
#4675=DIRECTION('center_axis',(0.890878207254625,0.454242247967739,0.));
#4676=DIRECTION('ref_axis',(0.454242247967739,-0.890878207254625,0.));
#4677=DIRECTION('',(0.454242247967739,-0.890878207254625,0.));
#4678=DIRECTION('',(0.,0.,-1.));
#4679=DIRECTION('',(0.454242247967739,-0.890878207254625,0.));
#4680=DIRECTION('center_axis',(0.707106781186498,0.707106781186597,0.));
#4681=DIRECTION('ref_axis',(0.707106781186597,-0.707106781186498,0.));
#4682=DIRECTION('',(0.707106781186597,-0.707106781186498,0.));
#4683=DIRECTION('',(0.,0.,-1.));
#4684=DIRECTION('',(0.707106781186597,-0.707106781186498,0.));
#4685=DIRECTION('center_axis',(0.450289850810598,0.892882439214127,0.));
#4686=DIRECTION('ref_axis',(0.892882439214127,-0.450289850810598,0.));
#4687=DIRECTION('',(0.892882439214127,-0.450289850810598,0.));
#4688=DIRECTION('',(0.,0.,-1.));
#4689=DIRECTION('',(0.892882439214127,-0.450289850810598,0.));
#4690=DIRECTION('center_axis',(0.154630795050762,0.987972326141765,0.));
#4691=DIRECTION('ref_axis',(0.987972326141765,-0.154630795050762,0.));
#4692=DIRECTION('',(0.987972326141765,-0.154630795050762,0.));
#4693=DIRECTION('',(0.,0.,-1.));
#4694=DIRECTION('',(0.987972326141765,-0.154630795050762,0.));
#4695=DIRECTION('center_axis',(-0.153900580852202,0.988086337934775,0.));
#4696=DIRECTION('ref_axis',(0.988086337934775,0.153900580852202,0.));
#4697=DIRECTION('',(0.988086337934775,0.153900580852202,0.));
#4698=DIRECTION('',(0.,0.,-1.));
#4699=DIRECTION('',(0.988086337934775,0.153900580852202,0.));
#4700=DIRECTION('center_axis',(-0.450289850810598,0.892882439214127,0.));
#4701=DIRECTION('ref_axis',(0.892882439214127,0.450289850810598,0.));
#4702=DIRECTION('',(0.892882439214127,0.450289850810598,0.));
#4703=DIRECTION('',(0.,0.,-1.));
#4704=DIRECTION('',(0.892882439214127,0.450289850810598,0.));
#4705=DIRECTION('center_axis',(-0.707266129187457,0.706947397268136,0.));
#4706=DIRECTION('ref_axis',(0.706947397268136,0.707266129187457,0.));
#4707=DIRECTION('',(0.706947397268136,0.707266129187457,0.));
#4708=DIRECTION('',(0.,0.,-1.));
#4709=DIRECTION('',(0.706947397268136,0.707266129187457,0.));
#4710=DIRECTION('center_axis',(-0.890748647760483,0.454496255774314,0.));
#4711=DIRECTION('ref_axis',(0.454496255774314,0.890748647760483,0.));
#4712=DIRECTION('',(0.454496255774314,0.890748647760483,0.));
#4713=DIRECTION('',(0.454496255774314,0.890748647760483,0.));
#4714=DIRECTION('center_axis',(0.,0.,-1.));
#4715=DIRECTION('ref_axis',(-1.,0.,0.));
#4716=DIRECTION('center_axis',(0.,0.,1.));
#4717=DIRECTION('ref_axis',(1.,0.,0.));
#4718=DIRECTION('center_axis',(0.,0.,-1.));
#4719=DIRECTION('ref_axis',(1.,0.,0.));
#4720=DIRECTION('center_axis',(0.,0.,1.));
#4721=DIRECTION('ref_axis',(1.,0.,0.));
#4722=DIRECTION('center_axis',(0.,0.,-1.));
#4723=DIRECTION('ref_axis',(1.,0.,0.));
#4724=DIRECTION('center_axis',(0.,0.,1.));
#4725=DIRECTION('ref_axis',(1.,0.,0.));
#4726=DIRECTION('center_axis',(0.,0.,-1.));
#4727=DIRECTION('ref_axis',(1.,0.,0.));
#4728=DIRECTION('center_axis',(0.,0.,1.));
#4729=DIRECTION('ref_axis',(1.,0.,0.));
#4730=DIRECTION('center_axis',(0.,0.,-1.));
#4731=DIRECTION('ref_axis',(1.,0.,0.));
#4732=DIRECTION('center_axis',(0.,0.,-1.));
#4733=DIRECTION('ref_axis',(1.,0.,0.));
#4734=DIRECTION('',(0.,0.,1.));
#4735=DIRECTION('center_axis',(0.,0.,-1.));
#4736=DIRECTION('ref_axis',(1.,0.,0.));
#4737=DIRECTION('',(0.,0.,1.));
#4738=DIRECTION('center_axis',(0.,0.,-1.));
#4739=DIRECTION('ref_axis',(1.,0.,0.));
#4740=DIRECTION('',(0.,0.,1.));
#4741=DIRECTION('center_axis',(0.,0.,-1.));
#4742=DIRECTION('ref_axis',(1.,0.,0.));
#4743=DIRECTION('',(0.,0.,1.));
#4744=DIRECTION('center_axis',(-0.553114057737923,0.833105539012129,0.));
#4745=DIRECTION('ref_axis',(0.833105539012129,0.553114057737923,0.));
#4746=DIRECTION('',(0.,0.,-1.));
#4747=DIRECTION('',(0.,0.,1.));
#4748=DIRECTION('center_axis',(-0.627684970717871,0.778467454383872,0.));
#4749=DIRECTION('ref_axis',(0.778467454383872,0.627684970717871,0.));
#4750=DIRECTION('',(0.,0.,-1.));
#4751=DIRECTION('center_axis',(-0.668330383823187,0.743864569702544,0.));
#4752=DIRECTION('ref_axis',(0.743864569702544,0.668330383823187,0.));
#4753=DIRECTION('',(0.,0.,-1.));
#4754=DIRECTION('center_axis',(-0.742230556019651,0.670144612535801,0.));
#4755=DIRECTION('ref_axis',(0.670144612535801,0.742230556019651,0.));
#4756=DIRECTION('',(0.,0.,-1.));
#4757=DIRECTION('center_axis',(-0.780813516678437,0.624764157240356,0.));
#4758=DIRECTION('ref_axis',(0.624764157240356,0.780813516678437,0.));
#4759=DIRECTION('',(0.,0.,-1.));
#4760=DIRECTION('center_axis',(-0.835677661799805,0.549220215914173,0.));
#4761=DIRECTION('ref_axis',(0.549220215914173,0.835677661799805,0.));
#4762=DIRECTION('',(0.,0.,-1.));
#4763=DIRECTION('center_axis',(-0.875766478850798,0.482734994092281,0.));
#4764=DIRECTION('ref_axis',(0.482734994092281,0.875766478850798,0.));
#4765=DIRECTION('',(0.,0.,-1.));
#4766=DIRECTION('center_axis',(-0.906478104734007,0.422252821941834,0.));
#4767=DIRECTION('ref_axis',(0.422252821941834,0.906478104734007,0.));
#4768=DIRECTION('',(0.,0.,-1.));
#4769=DIRECTION('center_axis',(-0.935543159009199,0.35321239733493,0.));
#4770=DIRECTION('ref_axis',(0.35321239733493,0.935543159009199,0.));
#4771=DIRECTION('',(0.,0.,-1.));
#4772=DIRECTION('center_axis',(-0.964054064656721,0.265706154273578,0.));
#4773=DIRECTION('ref_axis',(0.265706154273578,0.964054064656721,0.));
#4774=DIRECTION('',(0.,0.,-1.));
#4775=DIRECTION('center_axis',(-0.981169207156811,0.193150166780347,0.));
#4776=DIRECTION('ref_axis',(0.193150166780347,0.981169207156811,0.));
#4777=DIRECTION('',(0.,0.,-1.));
#4778=DIRECTION('center_axis',(-0.992627667103123,0.1212036076254,0.));
#4779=DIRECTION('ref_axis',(0.1212036076254,0.992627667103123,0.));
#4780=DIRECTION('',(0.,0.,-1.));
#4781=DIRECTION('center_axis',(-0.999376271218276,0.0353138574196484,0.));
#4782=DIRECTION('ref_axis',(0.0353138574196484,0.999376271218276,0.));
#4783=DIRECTION('',(0.,0.,-1.));
#4784=DIRECTION('center_axis',(-1.,0.,0.));
#4785=DIRECTION('ref_axis',(0.,1.,0.));
#4786=DIRECTION('',(0.,0.,-1.));
#4787=DIRECTION('center_axis',(-0.99940600232354,-0.0344621897110483,0.));
#4788=DIRECTION('ref_axis',(-0.0344621897110483,0.99940600232354,0.));
#4789=DIRECTION('',(0.,0.,-1.));
#4790=DIRECTION('center_axis',(-0.9922779558417,-0.124034101563306,0.));
#4791=DIRECTION('ref_axis',(-0.124034101563306,0.992277955841701,0.));
#4792=DIRECTION('',(0.,0.,-1.));
#4793=DIRECTION('center_axis',(-0.981248348112653,-0.19274770900374,0.));
#4794=DIRECTION('ref_axis',(-0.19274770900374,0.981248348112653,0.));
#4795=DIRECTION('',(0.,0.,-1.));
#4796=DIRECTION('center_axis',(-0.964761471186585,-0.263126022494728,0.));
#4797=DIRECTION('ref_axis',(-0.263126022494728,0.964761471186585,0.));
#4798=DIRECTION('',(0.,0.,-1.));
#4799=DIRECTION('center_axis',(-0.935600681042713,-0.353060002878281,0.));
#4800=DIRECTION('ref_axis',(-0.353060002878281,0.935600681042713,0.));
#4801=DIRECTION('',(0.,0.,-1.));
#4802=DIRECTION('center_axis',(-0.907961238723082,-0.419054159956021,0.));
#4803=DIRECTION('ref_axis',(-0.419054159956021,0.907961238723082,0.));
#4804=DIRECTION('',(0.,0.,-1.));
#4805=DIRECTION('center_axis',(-0.872503640634938,-0.488607610541198,0.));
#4806=DIRECTION('ref_axis',(-0.488607610541198,0.872503640634938,0.));
#4807=DIRECTION('',(0.,0.,-1.));
#4808=DIRECTION('center_axis',(-0.834770662477213,-0.550597803362269,0.));
#4809=DIRECTION('ref_axis',(-0.550597803362269,0.834770662477213,0.));
#4810=DIRECTION('',(0.,0.,-1.));
#4811=DIRECTION('center_axis',(-0.773966398462456,-0.633226668777504,0.));
#4812=DIRECTION('ref_axis',(-0.633226668777504,0.773966398462456,0.));
#4813=DIRECTION('',(0.,0.,-1.));
#4814=DIRECTION('center_axis',(-0.749321351441724,-0.662206548044904,0.));
#4815=DIRECTION('ref_axis',(-0.662206548044904,0.749321351441724,0.));
#4816=DIRECTION('',(0.,0.,-1.));
#4817=DIRECTION('center_axis',(-0.680451585002705,-0.732793040678817,0.));
#4818=DIRECTION('ref_axis',(-0.732793040678817,0.680451585002705,0.));
#4819=DIRECTION('',(0.,0.,-1.));
#4820=DIRECTION('center_axis',(-0.613942376018956,-0.789350846536696,0.));
#4821=DIRECTION('ref_axis',(-0.789350846536696,0.613942376018956,0.));
#4822=DIRECTION('',(0.,0.,-1.));
#4823=DIRECTION('center_axis',(-0.56280248028796,-0.826591415502073,0.));
#4824=DIRECTION('ref_axis',(-0.826591415502073,0.56280248028796,0.));
#4825=DIRECTION('',(0.,0.,-1.));
#4826=DIRECTION('center_axis',(-0.481257872597112,-0.87657906663535,0.));
#4827=DIRECTION('ref_axis',(-0.87657906663535,0.481257872597112,0.));
#4828=DIRECTION('',(0.,0.,-1.));
#4829=DIRECTION('center_axis',(-0.396081607981638,-0.918215312341653,0.));
#4830=DIRECTION('ref_axis',(-0.918215312341653,0.396081607981638,0.));
#4831=DIRECTION('',(0.,0.,-1.));
#4832=DIRECTION('center_axis',(-0.368366651507754,-0.929680595719285,0.));
#4833=DIRECTION('ref_axis',(-0.929680595719285,0.368366651507754,0.));
#4834=DIRECTION('',(0.,0.,-1.));
#4835=DIRECTION('center_axis',(-0.263116328742487,-0.964764114977892,0.));
#4836=DIRECTION('ref_axis',(-0.964764114977892,0.263116328742487,0.));
#4837=DIRECTION('',(0.,0.,-1.));
#4838=DIRECTION('center_axis',(-0.192740494261872,-0.981249765284909,0.));
#4839=DIRECTION('ref_axis',(-0.981249765284909,0.192740494261872,0.));
#4840=DIRECTION('',(0.,0.,-1.));
#4841=DIRECTION('center_axis',(-0.104698625525464,-0.994503995875873,0.));
#4842=DIRECTION('ref_axis',(-0.994503995875873,0.104698625525464,0.));
#4843=DIRECTION('',(0.,0.,-1.));
#4844=DIRECTION('center_axis',(-0.0525434860158185,-0.998618636956724,0.));
#4845=DIRECTION('ref_axis',(-0.998618636956724,0.0525434860158185,0.));
#4846=DIRECTION('',(0.,0.,-1.));
#4847=DIRECTION('center_axis',(0.,-1.,0.));
#4848=DIRECTION('ref_axis',(-1.,0.,0.));
#4849=DIRECTION('',(0.,0.,-1.));
#4850=DIRECTION('center_axis',(0.052245006958417,-0.998634297051686,0.));
#4851=DIRECTION('ref_axis',(-0.998634297051686,-0.052245006958417,0.));
#4852=DIRECTION('',(0.,0.,-1.));
#4853=DIRECTION('center_axis',(0.106775678588117,-0.99428313596382,0.));
#4854=DIRECTION('ref_axis',(-0.99428313596382,-0.106775678588117,0.));
#4855=DIRECTION('',(0.,0.,-1.));
#4856=DIRECTION('center_axis',(0.193150166780304,-0.981169207156819,0.));
#4857=DIRECTION('ref_axis',(-0.981169207156819,-0.193150166780304,0.));
#4858=DIRECTION('',(0.,0.,-1.));
#4859=DIRECTION('center_axis',(0.262452332127971,-0.96494495872075,0.));
#4860=DIRECTION('ref_axis',(-0.96494495872075,-0.262452332127971,0.));
#4861=DIRECTION('',(0.,0.,-1.));
#4862=DIRECTION('center_axis',(0.368523645806755,-0.929618374646982,0.));
#4863=DIRECTION('ref_axis',(-0.929618374646982,-0.368523645806755,0.));
#4864=DIRECTION('',(0.,0.,-1.));
#4865=DIRECTION('center_axis',(0.39268705755438,-0.919672156167231,0.));
#4866=DIRECTION('ref_axis',(-0.919672156167231,-0.39268705755438,0.));
#4867=DIRECTION('',(0.,0.,-1.));
#4868=DIRECTION('center_axis',(0.488073656432973,-0.87280244379593,0.));
#4869=DIRECTION('ref_axis',(-0.87280244379593,-0.488073656432973,0.));
#4870=DIRECTION('',(0.,0.,-1.));
#4871=DIRECTION('center_axis',(0.561421714906573,-0.827529853256885,0.));
#4872=DIRECTION('ref_axis',(-0.827529853256885,-0.561421714906573,0.));
#4873=DIRECTION('',(0.,0.,-1.));
#4874=DIRECTION('center_axis',(0.620223255162947,-0.784425339822139,0.));
#4875=DIRECTION('ref_axis',(-0.784425339822139,-0.620223255162947,0.));
#4876=DIRECTION('',(0.,0.,-1.));
#4877=DIRECTION('center_axis',(0.67340402906764,-0.739274653721788,0.));
#4878=DIRECTION('ref_axis',(-0.739274653721788,-0.67340402906764,0.));
#4879=DIRECTION('',(0.,0.,-1.));
#4880=DIRECTION('center_axis',(0.739126783581091,-0.673566327686495,0.));
#4881=DIRECTION('ref_axis',(-0.673566327686495,-0.739126783581091,0.));
#4882=DIRECTION('',(0.,0.,-1.));
#4883=DIRECTION('center_axis',(0.784062867512869,-0.620681415693669,0.));
#4884=DIRECTION('ref_axis',(-0.620681415693669,-0.784062867512869,0.));
#4885=DIRECTION('',(0.,0.,-1.));
#4886=DIRECTION('center_axis',(0.827173231399051,-0.561947012855173,0.));
#4887=DIRECTION('ref_axis',(-0.561947012855173,-0.827173231399051,0.));
#4888=DIRECTION('',(0.,0.,-1.));
#4889=DIRECTION('center_axis',(0.870259919904083,-0.492592805274843,0.));
#4890=DIRECTION('ref_axis',(-0.492592805274843,-0.870259919904083,0.));
#4891=DIRECTION('',(0.,0.,-1.));
#4892=DIRECTION('center_axis',(0.922426272885144,-0.386173239739915,0.));
#4893=DIRECTION('ref_axis',(-0.386173239739915,-0.922426272885144,0.));
#4894=DIRECTION('',(0.,0.,-1.));
#4895=DIRECTION('center_axis',(0.929414516046824,-0.369037474196657,0.));
#4896=DIRECTION('ref_axis',(-0.369037474196657,-0.929414516046824,0.));
#4897=DIRECTION('',(0.,0.,-1.));
#4898=DIRECTION('center_axis',(0.960359249509524,-0.278765334791657,0.));
#4899=DIRECTION('ref_axis',(-0.278765334791657,-0.960359249509524,0.));
#4900=DIRECTION('',(0.,0.,-1.));
#4901=DIRECTION('center_axis',(0.983937978789344,-0.178510654852705,0.));
#4902=DIRECTION('ref_axis',(-0.178510654852705,-0.983937978789343,0.));
#4903=DIRECTION('',(0.,0.,-1.));
#4904=DIRECTION('center_axis',(0.993267829599626,-0.115840488096556,0.));
#4905=DIRECTION('ref_axis',(-0.115840488096556,-0.993267829599626,0.));
#4906=DIRECTION('',(0.,0.,-1.));
#4907=DIRECTION('center_axis',(0.999271473521928,-0.0381644101921612,0.));
#4908=DIRECTION('ref_axis',(-0.0381644101921612,-0.999271473521928,0.));
#4909=DIRECTION('',(0.,0.,-1.));
#4910=DIRECTION('center_axis',(1.,0.,0.));
#4911=DIRECTION('ref_axis',(0.,-1.,0.));
#4912=DIRECTION('',(0.,0.,-1.));
#4913=DIRECTION('center_axis',(0.9992611746313,0.0384331221015802,0.));
#4914=DIRECTION('ref_axis',(0.0384331221015802,-0.9992611746313,0.));
#4915=DIRECTION('',(0.,0.,-1.));
#4916=DIRECTION('center_axis',(0.993573147212166,0.113191877530641,0.));
#4917=DIRECTION('ref_axis',(0.113191877530641,-0.993573147212166,0.));
#4918=DIRECTION('',(0.,0.,-1.));
#4919=DIRECTION('center_axis',(0.983869910099973,0.178885438199624,0.));
#4920=DIRECTION('ref_axis',(0.178885438199624,-0.983869910099973,0.));
#4921=DIRECTION('',(0.,0.,-1.));
#4922=DIRECTION('center_axis',(0.959568981650203,0.281473567950514,0.));
#4923=DIRECTION('ref_axis',(0.281473567950514,-0.959568981650203,0.));
#4924=DIRECTION('',(0.,0.,-1.));
#4925=DIRECTION('center_axis',(0.92935208604562,0.369194664320403,0.));
#4926=DIRECTION('ref_axis',(0.369194664320403,-0.92935208604562,0.));
#4927=DIRECTION('',(0.,0.,-1.));
#4928=DIRECTION('center_axis',(0.921146216294081,0.38921671110976,0.));
#4929=DIRECTION('ref_axis',(0.38921671110976,-0.921146216294081,0.));
#4930=DIRECTION('',(0.,0.,-1.));
#4931=DIRECTION('center_axis',(0.873567976283911,0.486702158215097,0.));
#4932=DIRECTION('ref_axis',(0.486702158215097,-0.873567976283911,0.));
#4933=DIRECTION('',(0.,0.,-1.));
#4934=DIRECTION('center_axis',(0.828109472135736,0.560566411907699,0.));
#4935=DIRECTION('ref_axis',(0.560566411907699,-0.828109472135736,0.));
#4936=DIRECTION('',(0.,0.,-1.));
#4937=DIRECTION('center_axis',(0.790723707614154,0.612173192991106,0.));
#4938=DIRECTION('ref_axis',(0.612173192991106,-0.790723707614154,0.));
#4939=DIRECTION('',(0.,0.,-1.));
#4940=DIRECTION('center_axis',(0.731893974431288,0.681418527918909,0.));
#4941=DIRECTION('ref_axis',(0.681418527918909,-0.731893974431288,0.));
#4942=DIRECTION('',(0.,0.,-1.));
#4943=DIRECTION('center_axis',(0.66120098466224,0.750208809520179,0.));
#4944=DIRECTION('ref_axis',(0.750208809520179,-0.66120098466224,0.));
#4945=DIRECTION('',(0.,0.,-1.));
#4946=DIRECTION('center_axis',(0.633927954885124,0.773392104960455,0.));
#4947=DIRECTION('ref_axis',(0.773392104960455,-0.633927954885124,0.));
#4948=DIRECTION('',(0.,0.,-1.));
#4949=DIRECTION('center_axis',(0.551735669437652,0.834019035196551,0.));
#4950=DIRECTION('ref_axis',(0.834019035196551,-0.551735669437652,0.));
#4951=DIRECTION('',(0.,0.,-1.));
#4952=DIRECTION('center_axis',(0.482406003252945,0.875947742748116,0.));
#4953=DIRECTION('ref_axis',(0.875947742748116,-0.482406003252945,0.));
#4954=DIRECTION('',(0.,0.,-1.));
#4955=DIRECTION('center_axis',(0.421486532675306,0.906834661210823,0.));
#4956=DIRECTION('ref_axis',(0.906834661210823,-0.421486532675306,0.));
#4957=DIRECTION('',(0.,0.,-1.));
#4958=DIRECTION('center_axis',(0.358121861647499,0.933674853581336,0.));
#4959=DIRECTION('ref_axis',(0.933674853581336,-0.358121861647499,0.));
#4960=DIRECTION('',(0.,0.,-1.));
#4961=DIRECTION('center_axis',(0.254493299279833,0.967074537262597,0.));
#4962=DIRECTION('ref_axis',(0.967074537262597,-0.254493299279833,0.));
#4963=DIRECTION('',(0.,0.,-1.));
#4964=DIRECTION('center_axis',(0.191210841639158,0.981548987080953,0.));
#4965=DIRECTION('ref_axis',(0.981548987080953,-0.191210841639158,0.));
#4966=DIRECTION('',(0.,0.,-1.));
#4967=DIRECTION('center_axis',(0.128788580977237,0.99167207352525,0.));
#4968=DIRECTION('ref_axis',(0.99167207352525,-0.128788580977237,0.));
#4969=DIRECTION('',(0.,0.,-1.));
#4970=DIRECTION('center_axis',(0.0379473319219354,0.999279740613211,0.));
#4971=DIRECTION('ref_axis',(0.999279740613211,-0.0379473319219354,0.));
#4972=DIRECTION('',(0.,0.,-1.));
#4973=DIRECTION('center_axis',(0.,1.,0.));
#4974=DIRECTION('ref_axis',(1.,0.,0.));
#4975=DIRECTION('',(0.,0.,-1.));
#4976=DIRECTION('center_axis',(-0.0381644101917109,0.999271473521945,0.));
#4977=DIRECTION('ref_axis',(0.999271473521945,0.0381644101917109,0.));
#4978=DIRECTION('',(0.,0.,-1.));
#4979=DIRECTION('center_axis',(-0.126296083811992,0.99199259030184,0.));
#4980=DIRECTION('ref_axis',(0.99199259030184,0.126296083811992,0.));
#4981=DIRECTION('',(0.,0.,-1.));
#4982=DIRECTION('center_axis',(-0.190804969419323,0.981627966005906,0.));
#4983=DIRECTION('ref_axis',(0.981627966005906,0.190804969419323,0.));
#4984=DIRECTION('',(0.,0.,-1.));
#4985=DIRECTION('center_axis',(-0.255140015694142,0.966904117475768,0.));
#4986=DIRECTION('ref_axis',(0.966904117475768,0.255140015694142,0.));
#4987=DIRECTION('',(0.,0.,-1.));
#4988=DIRECTION('center_axis',(-0.35796796510767,0.933733867842799,0.));
#4989=DIRECTION('ref_axis',(0.933733867842799,0.35796796510767,0.));
#4990=DIRECTION('',(0.,0.,-1.));
#4991=DIRECTION('center_axis',(-0.42502775338398,0.905180318419135,0.));
#4992=DIRECTION('ref_axis',(0.905180318419135,0.42502775338398,0.));
#4993=DIRECTION('',(0.,0.,-1.));
#4994=DIRECTION('center_axis',(-0.475621746742394,0.879649904237882,0.));
#4995=DIRECTION('ref_axis',(0.879649904237882,0.475621746742394,0.));
#4996=DIRECTION('center_axis',(1.,0.,0.));
#4997=DIRECTION('ref_axis',(0.,-1.,0.));
#4998=DIRECTION('',(0.,0.,1.));
#4999=DIRECTION('',(0.,-1.,0.));
#5000=DIRECTION('',(0.,0.,1.));
#5001=DIRECTION('center_axis',(0.,1.,0.));
#5002=DIRECTION('ref_axis',(1.,0.,0.));
#5003=DIRECTION('',(1.,0.,0.));
#5004=DIRECTION('',(0.,0.,1.));
#5005=DIRECTION('center_axis',(-1.,0.,0.));
#5006=DIRECTION('ref_axis',(0.,1.,0.));
#5007=DIRECTION('',(0.,1.,0.));
#5008=DIRECTION('',(0.,0.,-1.));
#5009=DIRECTION('center_axis',(0.,-1.,0.));
#5010=DIRECTION('ref_axis',(-1.,0.,0.));
#5011=DIRECTION('',(-1.,0.,0.));
#5012=DIRECTION('center_axis',(0.,0.,-1.));
#5013=DIRECTION('ref_axis',(-1.,0.,0.));
#5014=DIRECTION('center_axis',(0.,1.,0.));
#5015=DIRECTION('ref_axis',(0.,0.,-1.));
#5016=DIRECTION('',(0.,0.,1.));
#5017=DIRECTION('',(-1.,0.,0.));
#5018=DIRECTION('',(0.,0.,-1.));
#5019=DIRECTION('',(-1.,0.,0.));
#5020=DIRECTION('center_axis',(0.,0.,1.));
#5021=DIRECTION('ref_axis',(0.,1.,0.));
#5022=DIRECTION('',(0.,1.,0.));
#5023=DIRECTION('',(0.,1.,0.));
#5024=DIRECTION('',(-1.,0.,0.));
#5025=DIRECTION('center_axis',(0.,-0.0853901179324707,-0.996347593844377));
#5026=DIRECTION('ref_axis',(0.,-0.996347593844377,0.0853901179324707));
#5027=DIRECTION('',(0.,0.996347593844377,-0.0853901179324707));
#5028=DIRECTION('',(0.,-0.996347593844377,0.0853901179324707));
#5029=DIRECTION('center_axis',(1.,0.,0.));
#5030=DIRECTION('ref_axis',(0.,1.,0.));
#5031=DIRECTION('center_axis',(-1.,0.,0.));
#5032=DIRECTION('ref_axis',(0.,0.,1.));
#5033=CARTESIAN_POINT('',(0.,0.,0.));
#5034=CARTESIAN_POINT('Origin',(275.773455334639,7.51673452482756,-3.645));
#5035=CARTESIAN_POINT('',(275.773455334639,2.73773452482756,-4.));
#5036=CARTESIAN_POINT('',(275.773455334639,12.2957345248276,-4.));
#5037=CARTESIAN_POINT('',(275.773455334639,32.3668060124138,-4.));
#5038=CARTESIAN_POINT('',(275.773455334639,2.73773452482756,-5.27));
#5039=CARTESIAN_POINT('',(275.773455334639,2.73773452482756,-5.27));
#5040=CARTESIAN_POINT('',(275.773455334639,12.2957345248276,-5.27));
#5041=CARTESIAN_POINT('',(275.773455334639,2.73773452482756,-5.27));
#5042=CARTESIAN_POINT('',(275.773455334639,12.2957345248276,-2.02));
#5043=CARTESIAN_POINT('Origin',(287.773455334639,12.2957345248276,-2.02));
#5044=CARTESIAN_POINT('',(285.47,12.2957345248276,-4.));
#5045=CARTESIAN_POINT('',(215.27799881732,12.2957345248276,-4.));
#5046=CARTESIAN_POINT('',(287.773455334639,12.2957345248276,-5.27));
#5047=CARTESIAN_POINT('',(287.773455334639,12.2957345248276,-5.27));
#5048=CARTESIAN_POINT('',(287.773455334639,12.2957345248276,-2.02));
#5049=CARTESIAN_POINT('',(287.773455334639,12.2957345248276,-1.01));
#5050=CARTESIAN_POINT('',(285.47,12.2957345248276,-2.02));
#5051=CARTESIAN_POINT('',(287.773455334639,12.2957345248276,-2.02));
#5052=CARTESIAN_POINT('',(285.47,12.2957345248276,-1.01));
#5053=CARTESIAN_POINT('Origin',(287.773455334639,2.73773452482756,-2.02));
#5054=CARTESIAN_POINT('',(285.47,2.73773452482756,-2.02));
#5055=CARTESIAN_POINT('',(285.47,57.9713672624138,-2.02));
#5056=CARTESIAN_POINT('',(287.773455334639,2.73773452482756,-2.02));
#5057=CARTESIAN_POINT('',(287.773455334639,60.0064306804498,-2.02));
#5058=CARTESIAN_POINT('',(287.773455334639,2.73773452482756,-2.02));
#5059=CARTESIAN_POINT('Origin',(287.773455334639,2.73773452482756,-5.27));
#5060=CARTESIAN_POINT('',(285.47,2.73773452482756,-4.));
#5061=CARTESIAN_POINT('',(215.27799881732,2.73773452482756,-4.));
#5062=CARTESIAN_POINT('',(285.47,2.73773452482756,-2.635));
#5063=CARTESIAN_POINT('',(287.773455334639,2.73773452482756,-5.27));
#5064=CARTESIAN_POINT('',(287.773455334639,2.73773452482756,-2.635));
#5065=CARTESIAN_POINT('',(287.773455334639,2.73773452482756,-5.27));
#5066=CARTESIAN_POINT('Origin',(287.773455334639,12.2957345248276,-5.27));
#5067=CARTESIAN_POINT('',(287.773455334639,64.7854306804498,-5.27));
#5068=CARTESIAN_POINT('Origin',(142.7825423,57.2168775,-4.));
#5069=CARTESIAN_POINT('',(285.47,113.205,-4.));
#5070=CARTESIAN_POINT('',(285.47,113.205,-4.));
#5071=CARTESIAN_POINT('',(285.467,113.283,-4.));
#5072=CARTESIAN_POINT('',(285.467,113.283,-4.));
#5073=CARTESIAN_POINT('',(285.458,113.362,-4.));
#5074=CARTESIAN_POINT('',(285.458,113.362,-4.));
#5075=CARTESIAN_POINT('',(285.444,113.439,-4.));
#5076=CARTESIAN_POINT('',(285.444,113.439,-4.));
#5077=CARTESIAN_POINT('',(285.422,113.514,-4.));
#5078=CARTESIAN_POINT('',(285.422,113.514,-4.));
#5079=CARTESIAN_POINT('',(285.393,113.587,-4.));
#5080=CARTESIAN_POINT('',(285.393,113.587,-4.));
#5081=CARTESIAN_POINT('',(285.363,113.658,-4.));
#5082=CARTESIAN_POINT('',(285.363,113.658,-4.));
#5083=CARTESIAN_POINT('',(285.324,113.728,-4.));
#5084=CARTESIAN_POINT('',(285.324,113.728,-4.));
#5085=CARTESIAN_POINT('',(285.28,113.793,-4.));
#5086=CARTESIAN_POINT('',(285.28,113.793,-4.));
#5087=CARTESIAN_POINT('',(285.232,113.855,-4.));
#5088=CARTESIAN_POINT('',(285.232,113.855,-4.));
#5089=CARTESIAN_POINT('',(285.178,113.913,-4.));
#5090=CARTESIAN_POINT('',(285.178,113.913,-4.));
#5091=CARTESIAN_POINT('',(285.119,113.965,-4.));
#5092=CARTESIAN_POINT('',(285.119,113.965,-4.));
#5093=CARTESIAN_POINT('',(285.058,114.015,-4.));
#5094=CARTESIAN_POINT('',(285.058,114.015,-4.));
#5095=CARTESIAN_POINT('',(284.993,114.058,-4.));
#5096=CARTESIAN_POINT('',(284.993,114.058,-4.));
#5097=CARTESIAN_POINT('',(284.924,114.096,-4.));
#5098=CARTESIAN_POINT('',(284.924,114.096,-4.));
#5099=CARTESIAN_POINT('',(284.853,114.129,-4.));
#5100=CARTESIAN_POINT('',(284.853,114.129,-4.));
#5101=CARTESIAN_POINT('',(284.78,114.157,-4.));
#5102=CARTESIAN_POINT('',(284.78,114.157,-4.));
#5103=CARTESIAN_POINT('',(284.704,114.177,-4.));
#5104=CARTESIAN_POINT('',(284.704,114.177,-4.));
#5105=CARTESIAN_POINT('',(284.627,114.192,-4.));
#5106=CARTESIAN_POINT('',(284.627,114.192,-4.));
#5107=CARTESIAN_POINT('',(284.55,114.202,-4.));
#5108=CARTESIAN_POINT('',(284.55,114.202,-4.));
#5109=CARTESIAN_POINT('',(284.471,114.205,-4.));
#5110=CARTESIAN_POINT('',(284.471,114.205,-4.));
#5111=CARTESIAN_POINT('',(1.09554,114.205,-4.));
#5112=CARTESIAN_POINT('',(1.09554,114.205,-4.));
#5113=CARTESIAN_POINT('',(1.01699,114.202,-4.));
#5114=CARTESIAN_POINT('',(1.01699,114.202,-4.));
#5115=CARTESIAN_POINT('',(0.938445,114.192,-4.));
#5116=CARTESIAN_POINT('',(0.938445,114.192,-4.));
#5117=CARTESIAN_POINT('',(0.861275,114.177,-4.));
#5118=CARTESIAN_POINT('',(0.861275,114.177,-4.));
#5119=CARTESIAN_POINT('',(0.785481,114.157,-4.));
#5120=CARTESIAN_POINT('',(0.785481,114.157,-4.));
#5121=CARTESIAN_POINT('',(0.712445,114.129,-4.));
#5122=CARTESIAN_POINT('',(0.712445,114.129,-4.));
#5123=CARTESIAN_POINT('',(0.642165,114.096,-4.));
#5124=CARTESIAN_POINT('',(0.642165,114.096,-4.));
#5125=CARTESIAN_POINT('',(0.571885,114.058,-4.));
#5126=CARTESIAN_POINT('',(0.571885,114.058,-4.));
#5127=CARTESIAN_POINT('',(0.507118,114.015,-4.));
#5128=CARTESIAN_POINT('',(0.507118,114.015,-4.));
#5129=CARTESIAN_POINT('',(0.445107,113.965,-4.));
#5130=CARTESIAN_POINT('',(0.445107,113.965,-4.));
#5131=CARTESIAN_POINT('',(0.38723,113.913,-4.));
#5132=CARTESIAN_POINT('',(0.38723,113.913,-4.));
#5133=CARTESIAN_POINT('',(0.334863,113.855,-4.));
#5134=CARTESIAN_POINT('',(0.334863,113.855,-4.));
#5135=CARTESIAN_POINT('',(0.285254,113.793,-4.));
#5136=CARTESIAN_POINT('',(0.285254,113.793,-4.));
#5137=CARTESIAN_POINT('',(0.242535,113.728,-4.));
#5138=CARTESIAN_POINT('',(0.242535,113.728,-4.));
#5139=CARTESIAN_POINT('',(0.20395,113.658,-4.));
#5140=CARTESIAN_POINT('',(0.20395,113.658,-4.));
#5141=CARTESIAN_POINT('',(0.170877,113.587,-4.));
#5142=CARTESIAN_POINT('',(0.170877,113.587,-4.));
#5143=CARTESIAN_POINT('',(0.143316,113.514,-4.));
#5144=CARTESIAN_POINT('',(0.143316,113.514,-4.));
#5145=CARTESIAN_POINT('',(0.122645,113.439,-4.));
#5146=CARTESIAN_POINT('',(0.122645,113.439,-4.));
#5147=CARTESIAN_POINT('',(0.107487,113.362,-4.));
#5148=CARTESIAN_POINT('',(0.107487,113.362,-4.));
#5149=CARTESIAN_POINT('',(0.0978408,113.283,-4.));
#5150=CARTESIAN_POINT('',(0.0978408,113.283,-4.));
#5151=CARTESIAN_POINT('',(0.0950846,113.205,-4.));
#5152=CARTESIAN_POINT('',(0.0950846,113.205,-4.));
#5153=CARTESIAN_POINT('',(0.0950846,1.22921,-4.));
#5154=CARTESIAN_POINT('',(0.0950846,1.22921,-4.));
#5155=CARTESIAN_POINT('',(0.0978408,1.14927999999999,-4.));
#5156=CARTESIAN_POINT('',(0.0978408,1.14928,-4.));
#5157=CARTESIAN_POINT('',(0.107487,1.07211,-4.));
#5158=CARTESIAN_POINT('',(0.107487,1.07211,-4.));
#5159=CARTESIAN_POINT('',(0.122645,0.994942999999999,-4.));
#5160=CARTESIAN_POINT('',(0.122645,0.994943,-4.));
#5161=CARTESIAN_POINT('',(0.143316,0.919152000000008,-4.));
#5162=CARTESIAN_POINT('',(0.143316,0.919152,-4.));
#5163=CARTESIAN_POINT('',(0.170877,0.846116000000006,-4.));
#5164=CARTESIAN_POINT('',(0.170877,0.846116,-4.));
#5165=CARTESIAN_POINT('',(0.20395,0.774457000000002,-4.));
#5166=CARTESIAN_POINT('',(0.20395,0.774457,-4.));
#5167=CARTESIAN_POINT('',(0.242535,0.705556000000005,-4.));
#5168=CARTESIAN_POINT('',(0.242535,0.705556,-4.));
#5169=CARTESIAN_POINT('',(0.285254,0.640789000000002,-4.));
#5170=CARTESIAN_POINT('',(0.285254,0.640789,-4.));
#5171=CARTESIAN_POINT('',(0.334863,0.580154000000004,-4.));
#5172=CARTESIAN_POINT('',(0.334863,0.580154,-4.));
#5173=CARTESIAN_POINT('',(0.38723,0.520897999999992,-4.));
#5174=CARTESIAN_POINT('',(0.38723,0.520898,-4.));
#5175=CARTESIAN_POINT('',(0.445107,0.467154999999995,-4.));
#5176=CARTESIAN_POINT('',(0.445107,0.467155,-4.));
#5177=CARTESIAN_POINT('',(0.507118,0.418924000000001,-4.));
#5178=CARTESIAN_POINT('',(0.507118,0.418924,-4.));
#5179=CARTESIAN_POINT('',(0.571885,0.374826000000006,-4.));
#5180=CARTESIAN_POINT('',(0.571885,0.374826,-4.));
#5181=CARTESIAN_POINT('',(0.642165,0.336241000000008,-4.));
#5182=CARTESIAN_POINT('',(0.642165,0.336241,-4.));
#5183=CARTESIAN_POINT('',(0.712445,0.305924999999991,-4.));
#5184=CARTESIAN_POINT('',(0.712445,0.305925,-4.));
#5185=CARTESIAN_POINT('',(0.785481,0.276986000000008,-4.));
#5186=CARTESIAN_POINT('',(0.785481,0.276986,-4.));
#5187=CARTESIAN_POINT('',(0.861275,0.256314999999994,-4.));
#5188=CARTESIAN_POINT('',(0.861275,0.256315,-4.));
#5189=CARTESIAN_POINT('',(0.938445,0.241156999999994,-4.));
#5190=CARTESIAN_POINT('',(0.938445,0.241157,-4.));
#5191=CARTESIAN_POINT('',(1.01699,0.232887999999996,-4.));
#5192=CARTESIAN_POINT('',(1.01699,0.232888,-4.));
#5193=CARTESIAN_POINT('',(1.09553999999999,0.228754999999996,-4.));
#5194=CARTESIAN_POINT('',(1.09553999999999,0.228755,-4.));
#5195=CARTESIAN_POINT('',(284.471,0.228754999999996,-4.));
#5196=CARTESIAN_POINT('',(284.471,0.228755,-4.));
#5197=CARTESIAN_POINT('',(284.55,0.232887999999996,-4.));
#5198=CARTESIAN_POINT('',(284.55,0.232888,-4.));
#5199=CARTESIAN_POINT('',(284.627,0.241156999999994,-4.));
#5200=CARTESIAN_POINT('',(284.627,0.241157,-4.));
#5201=CARTESIAN_POINT('',(284.704,0.256314999999994,-4.));
#5202=CARTESIAN_POINT('',(284.704,0.256315,-4.));
#5203=CARTESIAN_POINT('',(284.78,0.276986000000008,-4.));
#5204=CARTESIAN_POINT('',(284.78,0.276986,-4.));
#5205=CARTESIAN_POINT('',(284.853,0.305924999999991,-4.));
#5206=CARTESIAN_POINT('',(284.853,0.305925,-4.));
#5207=CARTESIAN_POINT('',(284.924,0.336241000000008,-4.));
#5208=CARTESIAN_POINT('',(284.924,0.336241,-4.));
#5209=CARTESIAN_POINT('',(284.993,0.374826000000006,-4.));
#5210=CARTESIAN_POINT('',(284.993,0.374826,-4.));
#5211=CARTESIAN_POINT('',(285.058,0.418924000000001,-4.));
#5212=CARTESIAN_POINT('',(285.058,0.418924,-4.));
#5213=CARTESIAN_POINT('',(285.119,0.467154999999995,-4.));
#5214=CARTESIAN_POINT('',(285.119,0.467155,-4.));
#5215=CARTESIAN_POINT('',(285.178,0.520897999999992,-4.));
#5216=CARTESIAN_POINT('',(285.178,0.520898,-4.));
#5217=CARTESIAN_POINT('',(285.232,0.580154000000004,-4.));
#5218=CARTESIAN_POINT('',(285.232,0.580154,-4.));
#5219=CARTESIAN_POINT('',(285.28,0.640789000000002,-4.));
#5220=CARTESIAN_POINT('',(285.28,0.640789,-4.));
#5221=CARTESIAN_POINT('',(285.324,0.705556000000005,-4.));
#5222=CARTESIAN_POINT('',(285.324,0.705556,-4.));
#5223=CARTESIAN_POINT('',(285.363,0.774457000000002,-4.));
#5224=CARTESIAN_POINT('',(285.363,0.774457,-4.));
#5225=CARTESIAN_POINT('',(285.393,0.846116000000006,-4.));
#5226=CARTESIAN_POINT('',(285.393,0.846116,-4.));
#5227=CARTESIAN_POINT('',(285.422,0.919152000000008,-4.));
#5228=CARTESIAN_POINT('',(285.422,0.919152,-4.));
#5229=CARTESIAN_POINT('',(285.444,0.994942999999999,-4.));
#5230=CARTESIAN_POINT('',(285.444,0.994943,-4.));
#5231=CARTESIAN_POINT('',(285.458,1.07211,-4.));
#5232=CARTESIAN_POINT('',(285.458,1.07211,-4.));
#5233=CARTESIAN_POINT('',(285.467,1.14927999999999,-4.));
#5234=CARTESIAN_POINT('',(285.467,1.14928,-4.));
#5235=CARTESIAN_POINT('',(285.47,1.22783,-4.));
#5236=CARTESIAN_POINT('',(285.47,1.22783,-4.));
#5237=CARTESIAN_POINT('',(285.47,113.205,-4.));
#5238=CARTESIAN_POINT('',(23.4999994300306,76.5999982878566,-4.));
#5239=CARTESIAN_POINT('Origin',(25.4999994300306,76.5999982878566,-4.));
#5240=CARTESIAN_POINT('',(258.399994179606,76.5999982878566,-4.));
#5241=CARTESIAN_POINT('Origin',(260.399994179606,76.5999982878566,-4.));
#5242=CARTESIAN_POINT('',(126.499997127801,57.1999987214804,-4.));
#5243=CARTESIAN_POINT('Origin',(128.499997127801,57.1999987214804,-4.));
#5244=CARTESIAN_POINT('',(188.799995735288,19.2999995686114,-4.));
#5245=CARTESIAN_POINT('Origin',(190.799995735288,19.2999995686114,-4.));
#5246=CARTESIAN_POINT('Origin',(142.644250904516,57.4264306804498,5.));
#5247=CARTESIAN_POINT('',(-2.48495352560649,-2.42226547517244,5.));
#5248=CARTESIAN_POINT('',(287.773455334639,-2.42226547517244,5.));
#5249=CARTESIAN_POINT('',(287.773455334639,-2.42226547517244,5.));
#5250=CARTESIAN_POINT('',(287.773455334639,117.275126836072,5.));
#5251=CARTESIAN_POINT('',(287.773455334639,117.275126836072,5.));
#5252=CARTESIAN_POINT('',(-2.48495352560649,117.275126836072,5.));
#5253=CARTESIAN_POINT('',(-2.48495352560649,117.275126836072,5.));
#5254=CARTESIAN_POINT('',(-2.48495352560649,-2.42226547517244,5.));
#5255=CARTESIAN_POINT('',(0.507117999999984,114.015,5.));
#5256=CARTESIAN_POINT('',(0.571884999999988,114.058,5.));
#5257=CARTESIAN_POINT('',(36.795237283129,138.107348405425,5.));
#5258=CARTESIAN_POINT('',(0.642165000000006,114.096,5.));
#5259=CARTESIAN_POINT('',(43.6917678693825,137.372677704003,5.));
#5260=CARTESIAN_POINT('',(0.712444999999988,114.129,5.));
#5261=CARTESIAN_POINT('',(47.9158197564316,136.293362079709,5.));
#5262=CARTESIAN_POINT('',(0.78548099999999,114.157,5.));
#5263=CARTESIAN_POINT('',(53.1083751058405,134.216163083463,5.));
#5264=CARTESIAN_POINT('',(0.861274999999999,114.177,5.));
#5265=CARTESIAN_POINT('',(60.100016052113,129.80851200679,5.));
#5266=CARTESIAN_POINT('',(0.938444999999994,114.192,5.));
#5267=CARTESIAN_POINT('',(63.857172958984,126.421893992287,5.));
#5268=CARTESIAN_POINT('',(1.01699,114.202,5.));
#5269=CARTESIAN_POINT('',(67.1052635846827,122.616065005366,5.));
#5270=CARTESIAN_POINT('',(1.09553999999999,114.205,5.));
#5271=CARTESIAN_POINT('',(70.6448650566925,116.86124411419,5.));
#5272=CARTESIAN_POINT('',(284.471,114.205,5.));
#5273=CARTESIAN_POINT('',(71.8698954522581,114.205,5.));
#5274=CARTESIAN_POINT('',(284.55,114.202,5.));
#5275=CARTESIAN_POINT('',(214.736262385903,116.853154592934,5.));
#5276=CARTESIAN_POINT('',(284.627,114.192,5.));
#5277=CARTESIAN_POINT('',(218.399560622731,122.792966152888,5.));
#5278=CARTESIAN_POINT('',(284.704,114.177,5.));
#5279=CARTESIAN_POINT('',(221.558143417043,126.478140892785,5.));
#5280=CARTESIAN_POINT('',(284.78,114.157,5.));
#5281=CARTESIAN_POINT('',(225.258060442871,129.82066830452,5.));
#5282=CARTESIAN_POINT('',(284.853,114.129,5.));
#5283=CARTESIAN_POINT('',(232.311153014822,134.282037199786,5.));
#5284=CARTESIAN_POINT('',(284.924,114.096,5.));
#5285=CARTESIAN_POINT('',(237.216769635013,136.269783127381,5.));
#5286=CARTESIAN_POINT('',(284.993,114.058,5.));
#5287=CARTESIAN_POINT('',(242.312696640818,137.563094603625,5.));
#5288=CARTESIAN_POINT('',(285.058,114.015,5.));
#5289=CARTESIAN_POINT('',(248.514713147816,138.189789763749,5.));
#5290=CARTESIAN_POINT('',(285.119,113.965,5.));
#5291=CARTESIAN_POINT('',(256.338628198037,137.555468690115,5.));
#5292=CARTESIAN_POINT('',(285.178,113.913,5.));
#5293=CARTESIAN_POINT('',(259.048323287896,136.942545576784,5.));
#5294=CARTESIAN_POINT('',(285.232,113.855,5.));
#5295=CARTESIAN_POINT('',(266.172229518019,134.326605332494,5.));
#5296=CARTESIAN_POINT('',(285.28,113.793,5.));
#5297=CARTESIAN_POINT('',(272.17159404516,130.724691025016,5.));
#5298=CARTESIAN_POINT('',(285.324,113.728,5.));
#5299=CARTESIAN_POINT('',(275.952421522871,127.572377295749,5.));
#5300=CARTESIAN_POINT('',(285.363,113.658,5.));
#5301=CARTESIAN_POINT('',(280.393878980553,122.576935163115,5.));
#5302=CARTESIAN_POINT('',(285.393,113.587,5.));
#5303=CARTESIAN_POINT('',(284.633019227811,115.385621160849,5.));
#5304=CARTESIAN_POINT('',(285.422,113.514,5.));
#5305=CARTESIAN_POINT('',(285.299015175031,113.823582490438,5.));
#5306=CARTESIAN_POINT('',(285.444,113.439,5.));
#5307=CARTESIAN_POINT('',(287.340485743582,106.97370769233,5.));
#5308=CARTESIAN_POINT('',(285.458,113.362,5.));
#5309=CARTESIAN_POINT('',(288.088310114592,98.8952943697123,5.));
#5310=CARTESIAN_POINT('',(285.467,113.283,5.));
#5311=CARTESIAN_POINT('',(287.688486879902,93.7832818319924,5.));
#5312=CARTESIAN_POINT('',(285.47,113.205,5.));
#5313=CARTESIAN_POINT('',(286.434096051126,88.1385026709779,5.));
#5314=CARTESIAN_POINT('',(285.47,1.22783,5.));
#5315=CARTESIAN_POINT('',(285.47,85.3157153402249,5.));
#5316=CARTESIAN_POINT('',(285.467,1.14928,5.));
#5317=CARTESIAN_POINT('',(286.437597519914,26.5627583961762,5.));
#5318=CARTESIAN_POINT('',(285.458,1.07211,5.));
#5319=CARTESIAN_POINT('',(287.74637164214,20.6936255137377,5.));
#5320=CARTESIAN_POINT('',(285.444,0.994943,5.));
#5321=CARTESIAN_POINT('',(288.131677295901,15.8092282780923,5.));
#5322=CARTESIAN_POINT('',(285.422,0.919152,5.));
#5323=CARTESIAN_POINT('',(287.449281890089,7.90323026053707,5.));
#5324=CARTESIAN_POINT('',(285.393,0.846116,5.));
#5325=CARTESIAN_POINT('',(285.390326467594,0.839382754731952,5.));
#5326=CARTESIAN_POINT('',(285.363,0.774457,5.));
#5327=CARTESIAN_POINT('',(284.826372230515,-0.507349977785099,5.));
#5328=CARTESIAN_POINT('',(285.324,0.705556,5.));
#5329=CARTESIAN_POINT('',(280.190704881018,-8.36339699982542,5.));
#5330=CARTESIAN_POINT('',(285.28,0.640789,5.));
#5331=CARTESIAN_POINT('',(275.978689230519,-13.0505290592368,5.));
#5332=CARTESIAN_POINT('',(285.232,0.580154,5.));
#5333=CARTESIAN_POINT('',(271.622574037123,-16.6116698179121,5.));
#5334=CARTESIAN_POINT('',(285.178,0.520898,5.));
#5335=CARTESIAN_POINT('',(267.037053525435,-19.3857672647502,5.));
#5336=CARTESIAN_POINT('',(285.119,0.467155,5.));
#5337=CARTESIAN_POINT('',(260.3933836409,-22.055367033692,5.));
#5338=CARTESIAN_POINT('',(285.058,0.418924,5.));
#5339=CARTESIAN_POINT('',(255.140877177598,-23.2357112597774,5.));
#5340=CARTESIAN_POINT('',(284.993,0.374826,5.));
#5341=CARTESIAN_POINT('',(249.537780231961,-23.67908602048,5.));
#5342=CARTESIAN_POINT('',(284.924,0.336241,5.));
#5343=CARTESIAN_POINT('',(242.925252892337,-23.1495801181106,5.));
#5344=CARTESIAN_POINT('',(284.853,0.305925,5.));
#5345=CARTESIAN_POINT('',(235.062987691791,-20.9537089878227,5.));
#5346=CARTESIAN_POINT('',(284.78,0.276986,5.));
#5347=CARTESIAN_POINT('',(233.189640480589,-20.1747046045389,5.));
#5348=CARTESIAN_POINT('',(284.704,0.256315,5.));
#5349=CARTESIAN_POINT('',(225.843974973518,-15.7528373331971,5.));
#5350=CARTESIAN_POINT('',(284.627,0.241157,5.));
#5351=CARTESIAN_POINT('',(221.741276005648,-12.1383469520313,5.));
#5352=CARTESIAN_POINT('',(284.55,0.232888,5.));
#5353=CARTESIAN_POINT('',(217.480545971898,-6.96967453712192,5.));
#5354=CARTESIAN_POINT('',(284.471,0.228755,5.));
#5355=CARTESIAN_POINT('',(215.282792319664,-3.39092680180827,5.));
#5356=CARTESIAN_POINT('',(1.09553999999999,0.228755,5.));
#5357=CARTESIAN_POINT('',(213.557625452258,0.228754999999996,5.));
#5358=CARTESIAN_POINT('',(1.01699,0.232888,5.));
#5359=CARTESIAN_POINT('',(70.1738934573911,-3.40588325384373,5.));
#5360=CARTESIAN_POINT('',(0.938444999999994,0.241157,5.));
#5361=CARTESIAN_POINT('',(68.0767880600881,-6.82698175821337,5.));
#5362=CARTESIAN_POINT('',(0.861274999999999,0.256315,5.));
#5363=CARTESIAN_POINT('',(63.7516134955003,-12.0968241851081,5.));
#5364=CARTESIAN_POINT('',(0.78548099999999,0.276986,5.));
#5365=CARTESIAN_POINT('',(59.5887513924789,-15.7601990315715,5.));
#5366=CARTESIAN_POINT('',(0.712444999999988,0.305925,5.));
#5367=CARTESIAN_POINT('',(52.3043801940899,-20.1363091390789,5.));
#5368=CARTESIAN_POINT('',(0.642165000000006,0.336241,5.));
#5369=CARTESIAN_POINT('',(50.1581447937227,-21.0229855712365,5.));
#5370=CARTESIAN_POINT('',(0.571884999999988,0.374826,5.));
#5371=CARTESIAN_POINT('',(43.1566672861657,-23.0049950659036,5.));
#5372=CARTESIAN_POINT('',(0.507117999999984,0.418924,5.));
#5373=CARTESIAN_POINT('',(35.8371734009477,-23.6363013936571,5.));
#5374=CARTESIAN_POINT('',(0.445107,0.467155,5.));
#5375=CARTESIAN_POINT('',(30.9747748554273,-23.2782516268101,5.));
#5376=CARTESIAN_POINT('',(0.38723000000001,0.520898,5.));
#5377=CARTESIAN_POINT('',(24.4237490679985,-21.7987565133894,5.));
#5378=CARTESIAN_POINT('',(0.334862999999999,0.580154,5.));
#5379=CARTESIAN_POINT('',(17.4599081501081,-18.7977304580519,5.));
#5380=CARTESIAN_POINT('',(0.285253999999995,0.640789,5.));
#5381=CARTESIAN_POINT('',(14.9361174856753,-17.2663469522249,5.));
#5382=CARTESIAN_POINT('',(0.242535000000004,0.705556,5.));
#5383=CARTESIAN_POINT('',(8.81389373995658,-12.2896262727772,5.));
#5384=CARTESIAN_POINT('',(0.203950000000006,0.774457,5.));
#5385=CARTESIAN_POINT('',(5.15045002999761,-8.05847804125608,5.));
#5386=CARTESIAN_POINT('',(0.170877000000011,0.846116,5.));
#5387=CARTESIAN_POINT('',(1.93305220519797,-2.97197467908205,5.));
#5388=CARTESIAN_POINT('',(0.143315999999984,0.919152,5.));
#5389=CARTESIAN_POINT('',(-0.294267399319006,2.07873768820658,5.));
#5390=CARTESIAN_POINT('',(0.122645000000006,0.994943,5.));
#5391=CARTESIAN_POINT('',(-2.09593132879623,9.12943666435077,5.));
#5392=CARTESIAN_POINT('',(0.107487000000006,1.07211,5.));
#5393=CARTESIAN_POINT('',(-2.56643524972628,14.6846286861477,5.));
#5394=CARTESIAN_POINT('',(0.0978407999999931,1.14928,5.));
#5395=CARTESIAN_POINT('',(-2.26402831927267,20.0443308940587,5.));
#5396=CARTESIAN_POINT('',(0.0950845999999927,1.22921,5.));
#5397=CARTESIAN_POINT('',(-0.786653023141293,26.7996650532191,5.));
#5398=CARTESIAN_POINT('',(0.0950845999999927,113.205,5.));
#5399=CARTESIAN_POINT('',(0.0950845999999927,29.3278203402249,5.));
#5400=CARTESIAN_POINT('',(0.0978407999999931,113.283,5.));
#5401=CARTESIAN_POINT('',(-0.800295035775109,87.8659057432561,5.));
#5402=CARTESIAN_POINT('',(0.107487000000006,113.362,5.));
#5403=CARTESIAN_POINT('',(-2.21518684567056,94.3398737940287,5.));
#5404=CARTESIAN_POINT('',(0.122645000000006,113.439,5.));
#5405=CARTESIAN_POINT('',(-2.53396306859397,99.943893700905,5.));
#5406=CARTESIAN_POINT('',(0.143315999999984,113.514,5.));
#5407=CARTESIAN_POINT('',(-2.02031197684515,105.663770293484,5.));
#5408=CARTESIAN_POINT('',(0.170877000000011,113.587,5.));
#5409=CARTESIAN_POINT('',(-0.23448791727227,112.513322014409,5.));
#5410=CARTESIAN_POINT('',(0.203950000000006,113.658,5.));
#5411=CARTESIAN_POINT('',(2.12410406999046,117.780121941442,5.));
#5412=CARTESIAN_POINT('',(0.242535000000004,113.728,5.));
#5413=CARTESIAN_POINT('',(4.91428361520951,122.203376521048,5.));
#5414=CARTESIAN_POINT('',(0.285253999999995,113.793,5.));
#5415=CARTESIAN_POINT('',(8.79936875989577,126.747831793658,5.));
#5416=CARTESIAN_POINT('',(0.334862999999999,113.855,5.));
#5417=CARTESIAN_POINT('',(14.3202745058798,131.333592863483,5.));
#5418=CARTESIAN_POINT('',(0.38723000000001,113.913,5.));
#5419=CARTESIAN_POINT('',(18.2561588047772,133.704049146928,5.));
#5420=CARTESIAN_POINT('',(0.445107,113.965,5.));
#5421=CARTESIAN_POINT('',(25.7040161039488,136.659045534589,5.));
#5422=CARTESIAN_POINT('',(29.7189845757723,137.56877801984,5.));
#5423=CARTESIAN_POINT('Origin',(191.735,19.0059,0.));
#5424=CARTESIAN_POINT('',(191.735,19.0059,-2.));
#5425=CARTESIAN_POINT('',(191.593,18.7289,-2.));
#5426=CARTESIAN_POINT('',(192.533749046966,20.5640231409125,-2.));
#5427=CARTESIAN_POINT('',(191.735,19.0059,-4.));
#5428=CARTESIAN_POINT('',(191.735,19.0059,0.));
#5429=CARTESIAN_POINT('',(191.593,18.7289,-4.));
#5430=CARTESIAN_POINT('',(191.593,18.7289,-4.));
#5431=CARTESIAN_POINT('',(191.593,18.7289,0.));
#5432=CARTESIAN_POINT('Origin',(191.593,18.7289,0.));
#5433=CARTESIAN_POINT('',(191.371,18.507,-2.));
#5434=CARTESIAN_POINT('',(186.732044142372,13.8701337621276,-2.));
#5435=CARTESIAN_POINT('',(191.371,18.507,-4.));
#5436=CARTESIAN_POINT('',(191.371,18.507,-4.));
#5437=CARTESIAN_POINT('',(191.371,18.507,0.));
#5438=CARTESIAN_POINT('Origin',(191.371,18.507,0.));
#5439=CARTESIAN_POINT('',(191.093,18.3651,-2.));
#5440=CARTESIAN_POINT('',(178.125743215377,11.7462016628129,-2.));
#5441=CARTESIAN_POINT('',(191.093,18.3651,-4.));
#5442=CARTESIAN_POINT('',(191.093,18.3651,-4.));
#5443=CARTESIAN_POINT('',(191.093,18.3651,0.));
#5444=CARTESIAN_POINT('Origin',(191.093,18.3651,0.));
#5445=CARTESIAN_POINT('',(190.783,18.3155,-2.));
#5446=CARTESIAN_POINT('',(169.930061541213,14.9790298465941,-2.));
#5447=CARTESIAN_POINT('',(190.783,18.3155,-4.));
#5448=CARTESIAN_POINT('',(190.783,18.3155,-4.));
#5449=CARTESIAN_POINT('',(190.783,18.3155,0.));
#5450=CARTESIAN_POINT('Origin',(190.783,18.3155,0.));
#5451=CARTESIAN_POINT('',(190.472,18.3651,-2.));
#5452=CARTESIAN_POINT('',(165.155220345535,22.4027600349248,-2.));
#5453=CARTESIAN_POINT('',(190.472,18.3651,-4.));
#5454=CARTESIAN_POINT('',(190.472,18.3651,-4.));
#5455=CARTESIAN_POINT('',(190.472,18.3651,0.));
#5456=CARTESIAN_POINT('Origin',(190.472,18.3651,0.));
#5457=CARTESIAN_POINT('',(190.194,18.507,-2.));
#5458=CARTESIAN_POINT('',(165.632229522387,31.0441051466668,-2.));
#5459=CARTESIAN_POINT('',(190.194,18.507,-4.));
#5460=CARTESIAN_POINT('',(190.194,18.507,-4.));
#5461=CARTESIAN_POINT('',(190.194,18.507,0.));
#5462=CARTESIAN_POINT('Origin',(190.194,18.507,0.));
#5463=CARTESIAN_POINT('',(189.972,18.7289,-2.));
#5464=CARTESIAN_POINT('',(171.016928747363,37.6754329322543,-2.));
#5465=CARTESIAN_POINT('',(189.972,18.7289,-4.));
#5466=CARTESIAN_POINT('',(189.972,18.7289,-4.));
#5467=CARTESIAN_POINT('',(189.972,18.7289,0.));
#5468=CARTESIAN_POINT('Origin',(189.972,18.7289,0.));
#5469=CARTESIAN_POINT('',(189.83,19.0059,-2.));
#5470=CARTESIAN_POINT('',(179.148027279209,39.843269321539,-2.));
#5471=CARTESIAN_POINT('',(189.83,19.0059,-4.));
#5472=CARTESIAN_POINT('',(189.83,19.0059,-4.));
#5473=CARTESIAN_POINT('',(189.83,19.0059,0.));
#5474=CARTESIAN_POINT('Origin',(189.83,19.0059,0.));
#5475=CARTESIAN_POINT('',(189.782,19.316,-2.));
#5476=CARTESIAN_POINT('',(187.093834235344,36.6826709087502,-2.));
#5477=CARTESIAN_POINT('',(189.782,19.316,-4.));
#5478=CARTESIAN_POINT('',(189.782,19.316,-4.));
#5479=CARTESIAN_POINT('',(189.782,19.316,0.));
#5480=CARTESIAN_POINT('Origin',(189.782,19.316,0.));
#5481=CARTESIAN_POINT('',(189.83,19.626,-2.));
#5482=CARTESIAN_POINT('',(191.398666846319,29.7569733824797,-2.));
#5483=CARTESIAN_POINT('',(189.83,19.626,-4.));
#5484=CARTESIAN_POINT('',(189.83,19.626,-4.));
#5485=CARTESIAN_POINT('',(189.83,19.626,0.));
#5486=CARTESIAN_POINT('Origin',(189.83,19.626,0.));
#5487=CARTESIAN_POINT('',(189.972,19.9044,-2.));
#5488=CARTESIAN_POINT('',(190.722994779606,21.3767728636771,-2.));
#5489=CARTESIAN_POINT('',(189.972,19.9044,-4.));
#5490=CARTESIAN_POINT('',(189.972,19.9044,-4.));
#5491=CARTESIAN_POINT('',(189.972,19.9044,0.));
#5492=CARTESIAN_POINT('Origin',(191.783,19.316,0.));
#5493=CARTESIAN_POINT('',(191.783,19.316,-2.));
#5494=CARTESIAN_POINT('',(193.375936018659,29.6070304038788,-2.));
#5495=CARTESIAN_POINT('',(191.783,19.316,-4.));
#5496=CARTESIAN_POINT('',(191.783,19.316,0.));
#5497=CARTESIAN_POINT('',(191.735,19.0059,-4.));
#5498=CARTESIAN_POINT('Origin',(191.735,19.626,0.));
#5499=CARTESIAN_POINT('',(191.735,19.626,-2.));
#5500=CARTESIAN_POINT('',(189.022398116877,37.1448871618406,-2.));
#5501=CARTESIAN_POINT('',(191.735,19.626,-4.));
#5502=CARTESIAN_POINT('',(191.735,19.626,0.));
#5503=CARTESIAN_POINT('',(191.783,19.316,-4.));
#5504=CARTESIAN_POINT('Origin',(191.593,19.9044,0.));
#5505=CARTESIAN_POINT('',(191.593,19.9044,-2.));
#5506=CARTESIAN_POINT('',(180.896027597374,40.8764923724693,-2.));
#5507=CARTESIAN_POINT('',(191.593,19.9044,-4.));
#5508=CARTESIAN_POINT('',(191.593,19.9044,0.));
#5509=CARTESIAN_POINT('',(191.735,19.626,-4.));
#5510=CARTESIAN_POINT('Origin',(191.371,20.1249,0.));
#5511=CARTESIAN_POINT('',(191.371,20.1249,-2.));
#5512=CARTESIAN_POINT('',(172.227565781837,39.1389866896633,-2.));
#5513=CARTESIAN_POINT('',(191.371,20.1249,-4.));
#5514=CARTESIAN_POINT('',(191.371,20.1249,0.));
#5515=CARTESIAN_POINT('',(191.593,19.9044,-4.));
#5516=CARTESIAN_POINT('Origin',(191.093,20.2682,0.));
#5517=CARTESIAN_POINT('',(191.093,20.2682,-2.));
#5518=CARTESIAN_POINT('',(166.437972961971,32.977068253776,-2.));
#5519=CARTESIAN_POINT('',(191.093,20.2682,-4.));
#5520=CARTESIAN_POINT('',(191.093,20.2682,0.));
#5521=CARTESIAN_POINT('',(191.371,20.1249,-4.));
#5522=CARTESIAN_POINT('Origin',(190.783,20.315,0.));
#5523=CARTESIAN_POINT('',(190.783,20.315,-2.));
#5524=CARTESIAN_POINT('',(165.359925585349,24.1530641374381,-2.));
#5525=CARTESIAN_POINT('',(190.783,20.315,-4.));
#5526=CARTESIAN_POINT('',(190.783,20.315,0.));
#5527=CARTESIAN_POINT('',(191.093,20.2682,-4.));
#5528=CARTESIAN_POINT('Origin',(190.472,20.2682,0.));
#5529=CARTESIAN_POINT('',(190.472,20.2682,-2.));
#5530=CARTESIAN_POINT('',(169.273839790906,17.0782517756082,-2.));
#5531=CARTESIAN_POINT('',(190.472,20.2682,-4.));
#5532=CARTESIAN_POINT('',(190.472,20.2682,0.));
#5533=CARTESIAN_POINT('',(190.783,20.315,-4.));
#5534=CARTESIAN_POINT('Origin',(190.194,20.1249,0.));
#5535=CARTESIAN_POINT('',(190.194,20.1249,-2.));
#5536=CARTESIAN_POINT('',(177.196888977309,13.4253100375842,-2.));
#5537=CARTESIAN_POINT('',(190.194,20.1249,-4.));
#5538=CARTESIAN_POINT('',(190.194,20.1249,0.));
#5539=CARTESIAN_POINT('',(190.472,20.2682,-4.));
#5540=CARTESIAN_POINT('Origin',(189.972,19.9044,0.));
#5541=CARTESIAN_POINT('',(185.148040405115,15.1130347267014,-2.));
#5542=CARTESIAN_POINT('',(190.194,20.1249,-4.));
#5543=CARTESIAN_POINT('Origin',(142.7825423,57.2168775,-4.));
#5544=CARTESIAN_POINT('Origin',(128.484,56.2169,0.));
#5545=CARTESIAN_POINT('',(128.484,56.2169,-2.));
#5546=CARTESIAN_POINT('',(128.174,56.2652,-2.));
#5547=CARTESIAN_POINT('',(136.174328927103,55.0186971381323,-2.));
#5548=CARTESIAN_POINT('',(128.484,56.2169,-4.));
#5549=CARTESIAN_POINT('',(128.484,56.2169,0.));
#5550=CARTESIAN_POINT('',(128.174,56.2652,-4.));
#5551=CARTESIAN_POINT('',(128.174,56.2652,-4.));
#5552=CARTESIAN_POINT('',(128.174,56.2652,0.));
#5553=CARTESIAN_POINT('Origin',(128.174,56.2652,0.));
#5554=CARTESIAN_POINT('',(127.896,56.4074,-2.));
#5555=CARTESIAN_POINT('',(135.715478657635,52.4076522837564,-2.));
#5556=CARTESIAN_POINT('',(127.896,56.4074,-4.));
#5557=CARTESIAN_POINT('',(127.896,56.4074,-4.));
#5558=CARTESIAN_POINT('',(127.896,56.4074,0.));
#5559=CARTESIAN_POINT('Origin',(127.896,56.4074,0.));
#5560=CARTESIAN_POINT('',(127.674,56.6289,-2.));
#5561=CARTESIAN_POINT('',(133.782329989352,50.534327510624,-2.));
#5562=CARTESIAN_POINT('',(127.674,56.6289,-4.));
#5563=CARTESIAN_POINT('',(127.674,56.6289,-4.));
#5564=CARTESIAN_POINT('',(127.674,56.6289,0.));
#5565=CARTESIAN_POINT('Origin',(127.674,56.6289,0.));
#5566=CARTESIAN_POINT('',(127.532,56.9076,-2.));
#5567=CARTESIAN_POINT('',(131.003474464533,50.0942201882709,-2.));
#5568=CARTESIAN_POINT('',(127.532,56.9076,-4.));
#5569=CARTESIAN_POINT('',(127.532,56.9076,-4.));
#5570=CARTESIAN_POINT('',(127.532,56.9076,0.));
#5571=CARTESIAN_POINT('Origin',(127.532,56.9076,0.));
#5572=CARTESIAN_POINT('',(127.484,57.2163,-2.));
#5573=CARTESIAN_POINT('',(128.393955679774,51.3641475344553,-2.));
#5574=CARTESIAN_POINT('',(127.484,57.2163,-4.));
#5575=CARTESIAN_POINT('',(127.484,57.2163,-4.));
#5576=CARTESIAN_POINT('',(127.484,57.2163,0.));
#5577=CARTESIAN_POINT('Origin',(127.484,57.2163,0.));
#5578=CARTESIAN_POINT('',(127.532,57.5261,-2.));
#5579=CARTESIAN_POINT('',(126.964260962352,53.8618176278448,-2.));
#5580=CARTESIAN_POINT('',(127.532,57.5261,-4.));
#5581=CARTESIAN_POINT('',(127.532,57.5261,-4.));
#5582=CARTESIAN_POINT('',(127.532,57.5261,0.));
#5583=CARTESIAN_POINT('Origin',(127.532,57.5261,0.));
#5584=CARTESIAN_POINT('',(127.674,57.8044,-2.));
#5585=CARTESIAN_POINT('',(127.18601989265,56.8480277191862,-2.));
#5586=CARTESIAN_POINT('',(127.674,57.8044,-4.));
#5587=CARTESIAN_POINT('',(127.674,57.8044,-4.));
#5588=CARTESIAN_POINT('',(127.674,57.8044,0.));
#5589=CARTESIAN_POINT('Origin',(127.674,57.8044,0.));
#5590=CARTESIAN_POINT('',(127.896,58.0263,-2.));
#5591=CARTESIAN_POINT('',(129.031119840673,59.1609085254299,-2.));
#5592=CARTESIAN_POINT('',(127.896,58.0263,-4.));
#5593=CARTESIAN_POINT('',(127.896,58.0263,-4.));
#5594=CARTESIAN_POINT('',(127.896,58.0263,0.));
#5595=CARTESIAN_POINT('Origin',(127.896,58.0263,0.));
#5596=CARTESIAN_POINT('',(128.174,58.1671,-2.));
#5597=CARTESIAN_POINT('',(131.855598661829,60.0317370200919,-2.));
#5598=CARTESIAN_POINT('',(128.174,58.1671,-4.));
#5599=CARTESIAN_POINT('',(128.174,58.1671,-4.));
#5600=CARTESIAN_POINT('',(128.174,58.1671,0.));
#5601=CARTESIAN_POINT('Origin',(128.174,58.1671,0.));
#5602=CARTESIAN_POINT('',(128.484,58.2164,-2.));
#5603=CARTESIAN_POINT('',(134.587371826646,59.187033003399,-2.));
#5604=CARTESIAN_POINT('',(128.484,58.2164,-4.));
#5605=CARTESIAN_POINT('',(128.484,58.2164,-4.));
#5606=CARTESIAN_POINT('',(128.484,58.2164,0.));
#5607=CARTESIAN_POINT('Origin',(128.484,58.2164,0.));
#5608=CARTESIAN_POINT('',(128.793,58.1671,-2.));
#5609=CARTESIAN_POINT('',(136.336107627654,56.9636203687916,-2.));
#5610=CARTESIAN_POINT('',(128.793,58.1671,-4.));
#5611=CARTESIAN_POINT('',(128.793,58.1671,-4.));
#5612=CARTESIAN_POINT('',(128.793,58.1671,0.));
#5613=CARTESIAN_POINT('Origin',(128.793,56.2652,0.));
#5614=CARTESIAN_POINT('',(128.793,56.2652,-2.));
#5615=CARTESIAN_POINT('',(135.068296537563,57.246095866551,-2.));
#5616=CARTESIAN_POINT('',(128.793,56.2652,-4.));
#5617=CARTESIAN_POINT('',(128.793,56.2652,0.));
#5618=CARTESIAN_POINT('',(128.484,56.2169,-4.));
#5619=CARTESIAN_POINT('Origin',(129.07,56.4074,0.));
#5620=CARTESIAN_POINT('',(129.07,56.4074,-2.));
#5621=CARTESIAN_POINT('',(132.844458632735,58.345046272834,-2.));
#5622=CARTESIAN_POINT('',(129.07,56.4074,-4.));
#5623=CARTESIAN_POINT('',(129.07,56.4074,0.));
#5624=CARTESIAN_POINT('',(128.793,56.2652,-4.));
#5625=CARTESIAN_POINT('Origin',(129.293,56.6289,0.));
#5626=CARTESIAN_POINT('',(129.293,56.6289,-2.));
#5627=CARTESIAN_POINT('',(130.560616388686,57.8879898210488,-2.));
#5628=CARTESIAN_POINT('',(129.293,56.6289,-4.));
#5629=CARTESIAN_POINT('',(129.293,56.6289,0.));
#5630=CARTESIAN_POINT('',(129.07,56.4074,-4.));
#5631=CARTESIAN_POINT('Origin',(129.435,56.9076,0.));
#5632=CARTESIAN_POINT('',(129.435,56.9076,-2.));
#5633=CARTESIAN_POINT('',(129.016019084347,56.0852761887844,-2.));
#5634=CARTESIAN_POINT('',(129.435,56.9076,-4.));
#5635=CARTESIAN_POINT('',(129.435,56.9076,0.));
#5636=CARTESIAN_POINT('',(129.293,56.6289,-4.));
#5637=CARTESIAN_POINT('Origin',(129.483,57.2163,0.));
#5638=CARTESIAN_POINT('',(129.483,57.2163,-2.));
#5639=CARTESIAN_POINT('',(128.938549591793,53.7148033122209,-2.));
#5640=CARTESIAN_POINT('',(129.483,57.2163,-4.));
#5641=CARTESIAN_POINT('',(129.483,57.2163,0.));
#5642=CARTESIAN_POINT('',(129.435,56.9076,-4.));
#5643=CARTESIAN_POINT('Origin',(129.435,57.5261,0.));
#5644=CARTESIAN_POINT('',(129.435,57.5261,-2.));
#5645=CARTESIAN_POINT('',(130.317880216654,51.8278439350133,-2.));
#5646=CARTESIAN_POINT('',(129.435,57.5261,-4.));
#5647=CARTESIAN_POINT('',(129.435,57.5261,0.));
#5648=CARTESIAN_POINT('',(129.483,57.2163,-4.));
#5649=CARTESIAN_POINT('Origin',(129.293,57.8044,0.));
#5650=CARTESIAN_POINT('',(129.293,57.8044,-2.));
#5651=CARTESIAN_POINT('',(132.69827873241,51.1305333011996,-2.));
#5652=CARTESIAN_POINT('',(129.293,57.8044,-4.));
#5653=CARTESIAN_POINT('',(129.293,57.8044,0.));
#5654=CARTESIAN_POINT('',(129.435,57.5261,-4.));
#5655=CARTESIAN_POINT('Origin',(129.07,58.0263,0.));
#5656=CARTESIAN_POINT('',(129.07,58.0263,-2.));
#5657=CARTESIAN_POINT('',(135.076202473955,52.0497245337642,-2.));
#5658=CARTESIAN_POINT('',(129.07,58.0263,-4.));
#5659=CARTESIAN_POINT('',(129.07,58.0263,0.));
#5660=CARTESIAN_POINT('',(129.293,57.8044,-4.));
#5661=CARTESIAN_POINT('Origin',(128.793,58.1671,0.));
#5662=CARTESIAN_POINT('',(136.481656258829,54.2589310424434,-2.));
#5663=CARTESIAN_POINT('',(129.07,58.0263,-4.));
#5664=CARTESIAN_POINT('Origin',(142.7825423,57.2168775,-4.));
#5665=CARTESIAN_POINT('Origin',(259.381,76.3076,0.));
#5666=CARTESIAN_POINT('',(259.381,76.3076,-2.));
#5667=CARTESIAN_POINT('',(259.333,76.6163,-2.));
#5668=CARTESIAN_POINT('',(260.15935574211,71.3017996335543,-2.));
#5669=CARTESIAN_POINT('',(259.381,76.3076,-4.));
#5670=CARTESIAN_POINT('',(259.381,76.3076,0.));
#5671=CARTESIAN_POINT('',(259.333,76.6163,-4.));
#5672=CARTESIAN_POINT('',(259.333,76.6163,-4.));
#5673=CARTESIAN_POINT('',(259.333,76.6163,0.));
#5674=CARTESIAN_POINT('Origin',(259.333,76.6163,0.));
#5675=CARTESIAN_POINT('',(259.381,76.9264,-2.));
#5676=CARTESIAN_POINT('',(255.804682982003,53.8219019316435,-2.));
#5677=CARTESIAN_POINT('',(259.381,76.9264,-4.));
#5678=CARTESIAN_POINT('',(259.381,76.9264,-4.));
#5679=CARTESIAN_POINT('',(259.381,76.9264,0.));
#5680=CARTESIAN_POINT('Origin',(259.381,76.9264,0.));
#5681=CARTESIAN_POINT('',(259.523,77.2047,-2.));
#5682=CARTESIAN_POINT('',(241.490176418567,41.8629056146957,-2.));
#5683=CARTESIAN_POINT('',(259.523,77.2047,-4.));
#5684=CARTESIAN_POINT('',(259.523,77.2047,-4.));
#5685=CARTESIAN_POINT('',(259.523,77.2047,0.));
#5686=CARTESIAN_POINT('Origin',(259.523,77.2047,0.));
#5687=CARTESIAN_POINT('',(259.745,77.4266,-2.));
#5688=CARTESIAN_POINT('',(223.052944128461,40.7510720815752,-2.));
#5689=CARTESIAN_POINT('',(259.745,77.4266,-4.));
#5690=CARTESIAN_POINT('',(259.745,77.4266,-4.));
#5691=CARTESIAN_POINT('',(259.745,77.4266,0.));
#5692=CARTESIAN_POINT('Origin',(259.745,77.4266,0.));
#5693=CARTESIAN_POINT('',(260.022,77.567,-2.));
#5694=CARTESIAN_POINT('',(207.340340012891,50.864815659962,-2.));
#5695=CARTESIAN_POINT('',(260.022,77.567,-4.));
#5696=CARTESIAN_POINT('',(260.022,77.567,-4.));
#5697=CARTESIAN_POINT('',(260.022,77.567,0.));
#5698=CARTESIAN_POINT('Origin',(260.022,77.567,0.));
#5699=CARTESIAN_POINT('',(260.333,77.6153,-2.));
#5700=CARTESIAN_POINT('',(200.618946373129,68.3413810605151,-2.));
#5701=CARTESIAN_POINT('',(260.333,77.6153,-4.));
#5702=CARTESIAN_POINT('',(260.333,77.6153,-4.));
#5703=CARTESIAN_POINT('',(260.333,77.6153,0.));
#5704=CARTESIAN_POINT('Origin',(260.333,77.6153,0.));
#5705=CARTESIAN_POINT('',(260.642,77.567,-2.));
#5706=CARTESIAN_POINT('',(205.304512690207,86.2168402493975,-2.));
#5707=CARTESIAN_POINT('',(260.642,77.567,-4.));
#5708=CARTESIAN_POINT('',(260.642,77.567,-4.));
#5709=CARTESIAN_POINT('',(260.642,77.567,0.));
#5710=CARTESIAN_POINT('Origin',(260.642,77.567,0.));
#5711=CARTESIAN_POINT('',(260.92,77.4266,-2.));
#5712=CARTESIAN_POINT('',(219.713979330396,98.2371226691079,-2.));
#5713=CARTESIAN_POINT('',(260.92,77.4266,-4.));
#5714=CARTESIAN_POINT('',(260.92,77.4266,-4.));
#5715=CARTESIAN_POINT('',(260.92,77.4266,0.));
#5716=CARTESIAN_POINT('Origin',(260.92,77.4266,0.));
#5717=CARTESIAN_POINT('',(261.142,77.2047,-2.));
#5718=CARTESIAN_POINT('',(238.783360818821,99.5532677220876,-2.));
#5719=CARTESIAN_POINT('',(261.142,77.2047,-4.));
#5720=CARTESIAN_POINT('',(261.142,77.2047,-4.));
#5721=CARTESIAN_POINT('',(261.142,77.2047,0.));
#5722=CARTESIAN_POINT('Origin',(261.142,77.2047,0.));
#5723=CARTESIAN_POINT('',(261.284,76.9264,-2.));
#5724=CARTESIAN_POINT('',(254.856490060621,89.5234141980932,-2.));
#5725=CARTESIAN_POINT('',(261.284,76.9264,-4.));
#5726=CARTESIAN_POINT('',(261.284,76.9264,-4.));
#5727=CARTESIAN_POINT('',(261.284,76.9264,0.));
#5728=CARTESIAN_POINT('Origin',(261.284,76.9264,0.));
#5729=CARTESIAN_POINT('',(261.334,76.6163,-2.));
#5730=CARTESIAN_POINT('',(262.061624997857,72.1035697632906,-2.));
#5731=CARTESIAN_POINT('',(261.334,76.6163,-4.));
#5732=CARTESIAN_POINT('',(261.334,76.6163,-4.));
#5733=CARTESIAN_POINT('',(261.334,76.6163,0.));
#5734=CARTESIAN_POINT('Origin',(259.523,76.0293,0.));
#5735=CARTESIAN_POINT('',(259.523,76.0293,-2.));
#5736=CARTESIAN_POINT('',(253.166780323407,88.4865953239144,-2.));
#5737=CARTESIAN_POINT('',(259.523,76.0293,-4.));
#5738=CARTESIAN_POINT('',(259.523,76.0293,0.));
#5739=CARTESIAN_POINT('',(259.381,76.3076,-4.));
#5740=CARTESIAN_POINT('Origin',(259.745,75.8074,0.));
#5741=CARTESIAN_POINT('',(259.745,75.8074,-2.));
#5742=CARTESIAN_POINT('',(237.497443209524,98.0449353684937,-2.));
#5743=CARTESIAN_POINT('',(259.745,75.8074,-4.));
#5744=CARTESIAN_POINT('',(259.745,75.8074,0.));
#5745=CARTESIAN_POINT('',(259.523,76.0293,-4.));
#5746=CARTESIAN_POINT('Origin',(260.022,75.6638,0.));
#5747=CARTESIAN_POINT('',(260.022,75.6638,-2.));
#5748=CARTESIAN_POINT('',(219.547199983798,96.6464039073194,-2.));
#5749=CARTESIAN_POINT('',(260.022,75.6638,-4.));
#5750=CARTESIAN_POINT('',(260.022,75.6638,0.));
#5751=CARTESIAN_POINT('',(259.745,75.8074,-4.));
#5752=CARTESIAN_POINT('Origin',(260.333,75.6158,0.));
#5753=CARTESIAN_POINT('',(260.333,75.6158,-2.));
#5754=CARTESIAN_POINT('',(205.092372008878,84.1416847060272,-2.));
#5755=CARTESIAN_POINT('',(260.333,75.6158,-4.));
#5756=CARTESIAN_POINT('',(260.333,75.6158,0.));
#5757=CARTESIAN_POINT('',(260.022,75.6638,-4.));
#5758=CARTESIAN_POINT('Origin',(260.642,75.6638,0.));
#5759=CARTESIAN_POINT('',(260.642,75.6638,-2.));
#5760=CARTESIAN_POINT('',(201.080711179754,66.4115609599618,-2.));
#5761=CARTESIAN_POINT('',(260.642,75.6638,-4.));
#5762=CARTESIAN_POINT('',(260.642,75.6638,0.));
#5763=CARTESIAN_POINT('',(260.333,75.6158,-4.));
#5764=CARTESIAN_POINT('Origin',(260.92,75.8074,0.));
#5765=CARTESIAN_POINT('',(260.92,75.8074,-2.));
#5766=CARTESIAN_POINT('',(208.679115249921,48.8225401075128,-2.));
#5767=CARTESIAN_POINT('',(260.92,75.8074,-4.));
#5768=CARTESIAN_POINT('',(260.92,75.8074,0.));
#5769=CARTESIAN_POINT('',(260.642,75.6638,-4.));
#5770=CARTESIAN_POINT('Origin',(261.142,76.0293,0.));
#5771=CARTESIAN_POINT('',(261.142,76.0293,-2.));
#5772=CARTESIAN_POINT('',(224.560861737771,39.4646397279755,-2.));
#5773=CARTESIAN_POINT('',(261.142,76.0293,-4.));
#5774=CARTESIAN_POINT('',(261.142,76.0293,0.));
#5775=CARTESIAN_POINT('',(260.92,75.8074,-4.));
#5776=CARTESIAN_POINT('Origin',(261.284,76.3076,0.));
#5777=CARTESIAN_POINT('',(261.284,76.3076,-2.));
#5778=CARTESIAN_POINT('',(243.321886155779,41.1043867405151,-2.));
#5779=CARTESIAN_POINT('',(261.284,76.3076,-4.));
#5780=CARTESIAN_POINT('',(261.284,76.3076,0.));
#5781=CARTESIAN_POINT('',(261.142,76.0293,-4.));
#5782=CARTESIAN_POINT('Origin',(261.334,76.6163,0.));
#5783=CARTESIAN_POINT('',(257.558657932107,53.3073380728429,-2.));
#5784=CARTESIAN_POINT('',(261.284,76.3076,-4.));
#5785=CARTESIAN_POINT('Origin',(142.7825423,57.2168775,-4.));
#5786=CARTESIAN_POINT('Origin',(26.4831,76.6163,0.));
#5787=CARTESIAN_POINT('',(26.4831,76.6163,-2.));
#5788=CARTESIAN_POINT('',(26.4349,76.3076,-2.));
#5789=CARTESIAN_POINT('',(25.6843046902362,71.5003640638158,-2.));
#5790=CARTESIAN_POINT('',(26.4831,76.6163,-4.));
#5791=CARTESIAN_POINT('',(26.4831,76.6163,0.));
#5792=CARTESIAN_POINT('',(26.4349,76.3076,-4.));
#5793=CARTESIAN_POINT('',(26.4349,76.3076,-4.));
#5794=CARTESIAN_POINT('',(26.4349,76.3076,0.));
#5795=CARTESIAN_POINT('Origin',(26.4349,76.3076,0.));
#5796=CARTESIAN_POINT('',(26.293,76.0293,-2.));
#5797=CARTESIAN_POINT('',(32.7177313685662,88.6297421414517,-2.));
#5798=CARTESIAN_POINT('',(26.293,76.0293,-4.));
#5799=CARTESIAN_POINT('',(26.293,76.0293,-4.));
#5800=CARTESIAN_POINT('',(26.293,76.0293,0.));
#5801=CARTESIAN_POINT('Origin',(26.293,76.0293,0.));
#5802=CARTESIAN_POINT('',(26.0711,75.8074,-2.));
#5803=CARTESIAN_POINT('',(48.4374239332637,98.1737239332633,-2.));
#5804=CARTESIAN_POINT('',(26.0711,75.8074,-4.));
#5805=CARTESIAN_POINT('',(26.0711,75.8074,-4.));
#5806=CARTESIAN_POINT('',(26.0711,75.8074,0.));
#5807=CARTESIAN_POINT('Origin',(26.0711,75.8074,0.));
#5808=CARTESIAN_POINT('',(25.7927,75.6638,-2.));
#5809=CARTESIAN_POINT('',(66.5551118353777,96.6892394380785,-2.));
#5810=CARTESIAN_POINT('',(25.7927,75.6638,-4.));
#5811=CARTESIAN_POINT('',(25.7927,75.6638,-4.));
#5812=CARTESIAN_POINT('',(25.7927,75.6638,0.));
#5813=CARTESIAN_POINT('Origin',(25.7927,75.6638,0.));
#5814=CARTESIAN_POINT('',(25.4841,75.6158,-2.));
#5815=CARTESIAN_POINT('',(80.8832223212701,84.232643394106,-2.));
#5816=CARTESIAN_POINT('',(25.4841,75.6158,-4.));
#5817=CARTESIAN_POINT('',(25.4841,75.6158,-4.));
#5818=CARTESIAN_POINT('',(25.4841,75.6158,0.));
#5819=CARTESIAN_POINT('Origin',(25.4841,75.6158,0.));
#5820=CARTESIAN_POINT('',(25.174,75.6638,-2.));
#5821=CARTESIAN_POINT('',(84.9338363049287,66.4136479760181,-2.));
#5822=CARTESIAN_POINT('',(25.174,75.6638,-4.));
#5823=CARTESIAN_POINT('',(25.174,75.6638,-4.));
#5824=CARTESIAN_POINT('',(25.174,75.6638,0.));
#5825=CARTESIAN_POINT('Origin',(25.174,75.6638,0.));
#5826=CARTESIAN_POINT('',(24.8956,75.8074,-2.));
#5827=CARTESIAN_POINT('',(77.3324635659362,48.7602246836585,-2.));
#5828=CARTESIAN_POINT('',(24.8956,75.8074,-4.));
#5829=CARTESIAN_POINT('',(24.8956,75.8074,-4.));
#5830=CARTESIAN_POINT('',(24.8956,75.8074,0.));
#5831=CARTESIAN_POINT('Origin',(24.8956,75.8074,0.));
#5832=CARTESIAN_POINT('',(24.6738,76.0293,-2.));
#5833=CARTESIAN_POINT('',(61.3602453594735,39.326314313494,-2.));
#5834=CARTESIAN_POINT('',(24.6738,76.0293,-4.));
#5835=CARTESIAN_POINT('',(24.6738,76.0293,-4.));
#5836=CARTESIAN_POINT('',(24.6738,76.0293,0.));
#5837=CARTESIAN_POINT('Origin',(24.6738,76.0293,0.));
#5838=CARTESIAN_POINT('',(24.5318,76.3076,-2.));
#5839=CARTESIAN_POINT('',(42.5736096484432,40.9481941890049,-2.));
#5840=CARTESIAN_POINT('',(24.5318,76.3076,-4.));
#5841=CARTESIAN_POINT('',(24.5318,76.3076,-4.));
#5842=CARTESIAN_POINT('',(24.5318,76.3076,0.));
#5843=CARTESIAN_POINT('Origin',(24.5318,76.3076,0.));
#5844=CARTESIAN_POINT('',(24.4836,76.6163,-2.));
#5845=CARTESIAN_POINT('',(28.1020925624979,53.441431658857,-2.));
#5846=CARTESIAN_POINT('',(24.4836,76.6163,-4.));
#5847=CARTESIAN_POINT('',(24.4836,76.6163,-4.));
#5848=CARTESIAN_POINT('',(24.4836,76.6163,0.));
#5849=CARTESIAN_POINT('Origin',(24.4836,76.6163,0.));
#5850=CARTESIAN_POINT('',(24.5318,76.9264,-2.));
#5851=CARTESIAN_POINT('',(23.7055943063927,71.6109148218333,-2.));
#5852=CARTESIAN_POINT('',(24.5318,76.9264,-4.));
#5853=CARTESIAN_POINT('',(24.5318,76.9264,-4.));
#5854=CARTESIAN_POINT('',(24.5318,76.9264,0.));
#5855=CARTESIAN_POINT('Origin',(26.4349,76.9264,0.));
#5856=CARTESIAN_POINT('',(26.4349,76.9264,-2.));
#5857=CARTESIAN_POINT('',(30.0080116312765,53.9383934261657,-2.));
#5858=CARTESIAN_POINT('',(26.4349,76.9264,-4.));
#5859=CARTESIAN_POINT('',(26.4349,76.9264,0.));
#5860=CARTESIAN_POINT('',(26.4831,76.6163,-4.));
#5861=CARTESIAN_POINT('Origin',(26.293,77.2047,0.));
#5862=CARTESIAN_POINT('',(26.293,77.2047,-2.));
#5863=CARTESIAN_POINT('',(44.247586253614,41.9914416886459,-2.));
#5864=CARTESIAN_POINT('',(26.293,77.2047,-4.));
#5865=CARTESIAN_POINT('',(26.293,77.2047,0.));
#5866=CARTESIAN_POINT('',(26.4349,76.9264,-4.));
#5867=CARTESIAN_POINT('Origin',(26.0711,77.4266,0.));
#5868=CARTESIAN_POINT('',(26.0711,77.4266,-2.));
#5869=CARTESIAN_POINT('',(62.6599744691502,40.8377255308549,-2.));
#5870=CARTESIAN_POINT('',(26.0711,77.4266,-4.));
#5871=CARTESIAN_POINT('',(26.0711,77.4266,0.));
#5872=CARTESIAN_POINT('',(26.293,77.2047,-4.));
#5873=CARTESIAN_POINT('Origin',(25.7927,77.567,0.));
#5874=CARTESIAN_POINT('',(25.7927,77.567,-2.));
#5875=CARTESIAN_POINT('',(78.4477310333895,51.0125231426426,-2.));
#5876=CARTESIAN_POINT('',(25.7927,77.567,-4.));
#5877=CARTESIAN_POINT('',(25.7927,77.567,0.));
#5878=CARTESIAN_POINT('',(26.0711,77.4266,-4.));
#5879=CARTESIAN_POINT('Origin',(25.4841,77.6153,0.));
#5880=CARTESIAN_POINT('',(25.4841,77.6153,-2.));
#5881=CARTESIAN_POINT('',(85.0787015627401,68.2879530930609,-2.));
#5882=CARTESIAN_POINT('',(25.4841,77.6153,-4.));
#5883=CARTESIAN_POINT('',(25.4841,77.6153,0.));
#5884=CARTESIAN_POINT('',(25.7927,77.567,-4.));
#5885=CARTESIAN_POINT('Origin',(25.174,77.567,0.));
#5886=CARTESIAN_POINT('',(25.174,77.567,-2.));
#5887=CARTESIAN_POINT('',(80.4153281060331,86.1711797727263,-2.));
#5888=CARTESIAN_POINT('',(25.174,77.567,-4.));
#5889=CARTESIAN_POINT('',(25.174,77.567,0.));
#5890=CARTESIAN_POINT('',(25.4841,77.6153,-4.));
#5891=CARTESIAN_POINT('Origin',(24.8956,77.4266,0.));
#5892=CARTESIAN_POINT('',(24.8956,77.4266,-2.));
#5893=CARTESIAN_POINT('',(66.0287669021549,98.1704815842775,-2.));
#5894=CARTESIAN_POINT('',(24.8956,77.4266,-4.));
#5895=CARTESIAN_POINT('',(24.8956,77.4266,0.));
#5896=CARTESIAN_POINT('',(25.174,77.567,-4.));
#5897=CARTESIAN_POINT('Origin',(24.6738,77.2047,0.));
#5898=CARTESIAN_POINT('',(24.6738,77.2047,-2.));
#5899=CARTESIAN_POINT('',(46.9158462797348,99.4567742537083,-2.));
#5900=CARTESIAN_POINT('',(24.6738,77.2047,-4.));
#5901=CARTESIAN_POINT('',(24.6738,77.2047,0.));
#5902=CARTESIAN_POINT('',(24.8956,77.4266,-4.));
#5903=CARTESIAN_POINT('Origin',(24.5318,76.9264,0.));
#5904=CARTESIAN_POINT('',(30.8970057435998,89.4013067496043,-2.));
#5905=CARTESIAN_POINT('',(24.6738,77.2047,-4.));
#5906=CARTESIAN_POINT('Origin',(142.7825423,57.2168775,-4.));
#5907=CARTESIAN_POINT('Origin',(142.949996804819,47.949998928234,-2.));
#5908=CARTESIAN_POINT('',(126.499997127801,57.1999987214804,-2.));
#5909=CARTESIAN_POINT('Origin',(128.499997127801,57.1999987214804,-2.));
#5910=CARTESIAN_POINT('Origin',(142.949996804819,47.949998928234,-2.));
#5911=CARTESIAN_POINT('',(188.799995735288,19.2999995686114,-2.));
#5912=CARTESIAN_POINT('Origin',(190.799995735288,19.2999995686114,-2.));
#5913=CARTESIAN_POINT('Origin',(142.949996804819,47.949998928234,-2.));
#5914=CARTESIAN_POINT('',(23.4999994300306,76.5999982878566,-2.));
#5915=CARTESIAN_POINT('Origin',(25.4999994300306,76.5999982878566,-2.));
#5916=CARTESIAN_POINT('Origin',(142.949996804819,47.949998928234,-2.));
#5917=CARTESIAN_POINT('',(258.399994179606,76.5999982878566,-2.));
#5918=CARTESIAN_POINT('Origin',(260.399994179606,76.5999982878566,-2.));
#5919=CARTESIAN_POINT('Origin',(190.799995735288,19.2999995686114,0.));
#5920=CARTESIAN_POINT('',(188.799995735288,19.2999995686114,0.));
#5921=CARTESIAN_POINT('Origin',(128.499997127801,57.1999987214804,0.));
#5922=CARTESIAN_POINT('',(126.499997127801,57.1999987214804,0.));
#5923=CARTESIAN_POINT('Origin',(260.399994179606,76.5999982878566,0.));
#5924=CARTESIAN_POINT('',(258.399994179606,76.5999982878566,0.));
#5925=CARTESIAN_POINT('Origin',(25.4999994300306,76.5999982878566,0.));
#5926=CARTESIAN_POINT('',(23.4999994300306,76.5999982878566,0.));
#5927=CARTESIAN_POINT('Origin',(0.507118,114.015,0.));
#5928=CARTESIAN_POINT('',(0.507118,114.015,0.));
#5929=CARTESIAN_POINT('',(0.571885,114.058,0.));
#5930=CARTESIAN_POINT('Origin',(0.445107,113.965,0.));
#5931=CARTESIAN_POINT('',(0.445107,113.965,0.));
#5932=CARTESIAN_POINT('Origin',(0.38723,113.913,0.));
#5933=CARTESIAN_POINT('',(0.38723,113.913,0.));
#5934=CARTESIAN_POINT('Origin',(0.334863,113.855,0.));
#5935=CARTESIAN_POINT('',(0.334863,113.855,0.));
#5936=CARTESIAN_POINT('Origin',(0.285254,113.793,0.));
#5937=CARTESIAN_POINT('',(0.285254,113.793,0.));
#5938=CARTESIAN_POINT('Origin',(0.242535,113.728,0.));
#5939=CARTESIAN_POINT('',(0.242535,113.728,0.));
#5940=CARTESIAN_POINT('Origin',(0.20395,113.658,0.));
#5941=CARTESIAN_POINT('',(0.20395,113.658,0.));
#5942=CARTESIAN_POINT('Origin',(0.170877,113.587,0.));
#5943=CARTESIAN_POINT('',(0.170877,113.587,0.));
#5944=CARTESIAN_POINT('Origin',(0.143316,113.514,0.));
#5945=CARTESIAN_POINT('',(0.143316,113.514,0.));
#5946=CARTESIAN_POINT('Origin',(0.122645,113.439,0.));
#5947=CARTESIAN_POINT('',(0.122645,113.439,0.));
#5948=CARTESIAN_POINT('Origin',(0.107487,113.362,0.));
#5949=CARTESIAN_POINT('',(0.107487,113.362,0.));
#5950=CARTESIAN_POINT('Origin',(0.0978408,113.283,0.));
#5951=CARTESIAN_POINT('',(0.0978408,113.283,0.));
#5952=CARTESIAN_POINT('Origin',(0.0950846,113.205,0.));
#5953=CARTESIAN_POINT('',(0.0950846,113.205,0.));
#5954=CARTESIAN_POINT('Origin',(0.0950846,1.22921,0.));
#5955=CARTESIAN_POINT('',(0.0950846,1.22921,0.));
#5956=CARTESIAN_POINT('Origin',(0.0978408,1.14928,0.));
#5957=CARTESIAN_POINT('',(0.0978408,1.14928,0.));
#5958=CARTESIAN_POINT('Origin',(0.107487,1.07211,0.));
#5959=CARTESIAN_POINT('',(0.107487,1.07211,0.));
#5960=CARTESIAN_POINT('Origin',(0.122645,0.994943,0.));
#5961=CARTESIAN_POINT('',(0.122645,0.994943,0.));
#5962=CARTESIAN_POINT('Origin',(0.143316,0.919152,0.));
#5963=CARTESIAN_POINT('',(0.143316,0.919152,0.));
#5964=CARTESIAN_POINT('Origin',(0.170877,0.846116,0.));
#5965=CARTESIAN_POINT('',(0.170877,0.846116,0.));
#5966=CARTESIAN_POINT('Origin',(0.20395,0.774457,0.));
#5967=CARTESIAN_POINT('',(0.20395,0.774457,0.));
#5968=CARTESIAN_POINT('Origin',(0.242535,0.705556,0.));
#5969=CARTESIAN_POINT('',(0.242535,0.705556,0.));
#5970=CARTESIAN_POINT('Origin',(0.285254,0.640789,0.));
#5971=CARTESIAN_POINT('',(0.285254,0.640789,0.));
#5972=CARTESIAN_POINT('Origin',(0.334863,0.580154,0.));
#5973=CARTESIAN_POINT('',(0.334863,0.580154,0.));
#5974=CARTESIAN_POINT('Origin',(0.38723,0.520898,0.));
#5975=CARTESIAN_POINT('',(0.38723,0.520898,0.));
#5976=CARTESIAN_POINT('Origin',(0.445107,0.467155,0.));
#5977=CARTESIAN_POINT('',(0.445107,0.467155,0.));
#5978=CARTESIAN_POINT('Origin',(0.507118,0.418924,0.));
#5979=CARTESIAN_POINT('',(0.507118,0.418924,0.));
#5980=CARTESIAN_POINT('Origin',(0.571885,0.374826,0.));
#5981=CARTESIAN_POINT('',(0.571885,0.374826,0.));
#5982=CARTESIAN_POINT('Origin',(0.642165,0.336241,0.));
#5983=CARTESIAN_POINT('',(0.642165,0.336241,0.));
#5984=CARTESIAN_POINT('Origin',(0.712445,0.305925,0.));
#5985=CARTESIAN_POINT('',(0.712445,0.305925,0.));
#5986=CARTESIAN_POINT('Origin',(0.785481,0.276986,0.));
#5987=CARTESIAN_POINT('',(0.785481,0.276986,0.));
#5988=CARTESIAN_POINT('Origin',(0.861275,0.256315,0.));
#5989=CARTESIAN_POINT('',(0.861275,0.256315,0.));
#5990=CARTESIAN_POINT('Origin',(0.938445,0.241157,0.));
#5991=CARTESIAN_POINT('',(0.938445,0.241157,0.));
#5992=CARTESIAN_POINT('Origin',(1.01699,0.232888,0.));
#5993=CARTESIAN_POINT('',(1.01699,0.232888,0.));
#5994=CARTESIAN_POINT('Origin',(1.09553999999999,0.228755,0.));
#5995=CARTESIAN_POINT('',(1.09553999999999,0.228755,0.));
#5996=CARTESIAN_POINT('Origin',(284.471,0.228755,0.));
#5997=CARTESIAN_POINT('',(284.471,0.228755,0.));
#5998=CARTESIAN_POINT('Origin',(284.55,0.232888,0.));
#5999=CARTESIAN_POINT('',(284.55,0.232888,0.));
#6000=CARTESIAN_POINT('Origin',(284.627,0.241157,0.));
#6001=CARTESIAN_POINT('',(284.627,0.241157,0.));
#6002=CARTESIAN_POINT('Origin',(284.704,0.256315,0.));
#6003=CARTESIAN_POINT('',(284.704,0.256315,0.));
#6004=CARTESIAN_POINT('Origin',(284.78,0.276986,0.));
#6005=CARTESIAN_POINT('',(284.78,0.276986,0.));
#6006=CARTESIAN_POINT('Origin',(284.853,0.305925,0.));
#6007=CARTESIAN_POINT('',(284.853,0.305925,0.));
#6008=CARTESIAN_POINT('Origin',(284.924,0.336241,0.));
#6009=CARTESIAN_POINT('',(284.924,0.336241,0.));
#6010=CARTESIAN_POINT('Origin',(284.993,0.374826,0.));
#6011=CARTESIAN_POINT('',(284.993,0.374826,0.));
#6012=CARTESIAN_POINT('Origin',(285.058,0.418924,0.));
#6013=CARTESIAN_POINT('',(285.058,0.418924,0.));
#6014=CARTESIAN_POINT('Origin',(285.119,0.467155,0.));
#6015=CARTESIAN_POINT('',(285.119,0.467155,0.));
#6016=CARTESIAN_POINT('Origin',(285.178,0.520898,0.));
#6017=CARTESIAN_POINT('',(285.178,0.520898,0.));
#6018=CARTESIAN_POINT('Origin',(285.232,0.580154,0.));
#6019=CARTESIAN_POINT('',(285.232,0.580154,0.));
#6020=CARTESIAN_POINT('Origin',(285.28,0.640789,0.));
#6021=CARTESIAN_POINT('',(285.28,0.640789,0.));
#6022=CARTESIAN_POINT('Origin',(285.324,0.705556,0.));
#6023=CARTESIAN_POINT('',(285.324,0.705556,0.));
#6024=CARTESIAN_POINT('Origin',(285.363,0.774457,0.));
#6025=CARTESIAN_POINT('',(285.363,0.774457,0.));
#6026=CARTESIAN_POINT('Origin',(285.393,0.846116,0.));
#6027=CARTESIAN_POINT('',(285.393,0.846116,0.));
#6028=CARTESIAN_POINT('Origin',(285.422,0.919152,0.));
#6029=CARTESIAN_POINT('',(285.422,0.919152,0.));
#6030=CARTESIAN_POINT('Origin',(285.444,0.994943,0.));
#6031=CARTESIAN_POINT('',(285.444,0.994943,0.));
#6032=CARTESIAN_POINT('Origin',(285.458,1.07211,0.));
#6033=CARTESIAN_POINT('',(285.458,1.07211,0.));
#6034=CARTESIAN_POINT('Origin',(285.467,1.14928,0.));
#6035=CARTESIAN_POINT('',(285.467,1.14928,0.));
#6036=CARTESIAN_POINT('Origin',(285.47,1.22783,0.));
#6037=CARTESIAN_POINT('',(285.47,1.22783,0.));
#6038=CARTESIAN_POINT('Origin',(285.47,113.205,0.));
#6039=CARTESIAN_POINT('',(285.47,113.205,0.));
#6040=CARTESIAN_POINT('Origin',(285.467,113.283,0.));
#6041=CARTESIAN_POINT('',(285.467,113.283,0.));
#6042=CARTESIAN_POINT('Origin',(285.458,113.362,0.));
#6043=CARTESIAN_POINT('',(285.458,113.362,0.));
#6044=CARTESIAN_POINT('Origin',(285.444,113.439,0.));
#6045=CARTESIAN_POINT('',(285.444,113.439,0.));
#6046=CARTESIAN_POINT('Origin',(285.422,113.514,0.));
#6047=CARTESIAN_POINT('',(285.422,113.514,0.));
#6048=CARTESIAN_POINT('Origin',(285.393,113.587,0.));
#6049=CARTESIAN_POINT('',(285.393,113.587,0.));
#6050=CARTESIAN_POINT('Origin',(285.363,113.658,0.));
#6051=CARTESIAN_POINT('',(285.363,113.658,0.));
#6052=CARTESIAN_POINT('Origin',(285.324,113.728,0.));
#6053=CARTESIAN_POINT('',(285.324,113.728,0.));
#6054=CARTESIAN_POINT('Origin',(285.28,113.793,0.));
#6055=CARTESIAN_POINT('',(285.28,113.793,0.));
#6056=CARTESIAN_POINT('Origin',(285.232,113.855,0.));
#6057=CARTESIAN_POINT('',(285.232,113.855,0.));
#6058=CARTESIAN_POINT('Origin',(285.178,113.913,0.));
#6059=CARTESIAN_POINT('',(285.178,113.913,0.));
#6060=CARTESIAN_POINT('Origin',(285.119,113.965,0.));
#6061=CARTESIAN_POINT('',(285.119,113.965,0.));
#6062=CARTESIAN_POINT('Origin',(285.058,114.015,0.));
#6063=CARTESIAN_POINT('',(285.058,114.015,0.));
#6064=CARTESIAN_POINT('Origin',(284.993,114.058,0.));
#6065=CARTESIAN_POINT('',(284.993,114.058,0.));
#6066=CARTESIAN_POINT('Origin',(284.924,114.096,0.));
#6067=CARTESIAN_POINT('',(284.924,114.096,0.));
#6068=CARTESIAN_POINT('Origin',(284.853,114.129,0.));
#6069=CARTESIAN_POINT('',(284.853,114.129,0.));
#6070=CARTESIAN_POINT('Origin',(284.78,114.157,0.));
#6071=CARTESIAN_POINT('',(284.78,114.157,0.));
#6072=CARTESIAN_POINT('Origin',(284.704,114.177,0.));
#6073=CARTESIAN_POINT('',(284.704,114.177,0.));
#6074=CARTESIAN_POINT('Origin',(284.627,114.192,0.));
#6075=CARTESIAN_POINT('',(284.627,114.192,0.));
#6076=CARTESIAN_POINT('Origin',(284.55,114.202,0.));
#6077=CARTESIAN_POINT('',(284.55,114.202,0.));
#6078=CARTESIAN_POINT('Origin',(284.471,114.205,0.));
#6079=CARTESIAN_POINT('',(284.471,114.205,0.));
#6080=CARTESIAN_POINT('Origin',(1.09554,114.205,0.));
#6081=CARTESIAN_POINT('',(1.09554,114.205,0.));
#6082=CARTESIAN_POINT('Origin',(1.01699,114.202,0.));
#6083=CARTESIAN_POINT('',(1.01699,114.202,0.));
#6084=CARTESIAN_POINT('Origin',(0.938445,114.192,0.));
#6085=CARTESIAN_POINT('',(0.938445,114.192,0.));
#6086=CARTESIAN_POINT('Origin',(0.861275,114.177,0.));
#6087=CARTESIAN_POINT('',(0.861275,114.177,0.));
#6088=CARTESIAN_POINT('Origin',(0.785481,114.157,0.));
#6089=CARTESIAN_POINT('',(0.785481,114.157,0.));
#6090=CARTESIAN_POINT('Origin',(0.712445,114.129,0.));
#6091=CARTESIAN_POINT('',(0.712445,114.129,0.));
#6092=CARTESIAN_POINT('Origin',(0.642165,114.096,0.));
#6093=CARTESIAN_POINT('',(0.642165,114.096,0.));
#6094=CARTESIAN_POINT('Origin',(0.571885,114.058,0.));
#6095=CARTESIAN_POINT('Origin',(287.773455334639,117.275126836072,0.));
#6096=CARTESIAN_POINT('',(287.773455334639,-2.42226547517244,-6.));
#6097=CARTESIAN_POINT('',(287.773455334639,-2.42226547517244,0.));
#6098=CARTESIAN_POINT('',(287.773455334639,117.275126836072,-6.));
#6099=CARTESIAN_POINT('',(287.773455334639,117.275126836072,-6.));
#6100=CARTESIAN_POINT('',(287.773455334639,117.275126836072,0.));
#6101=CARTESIAN_POINT('Origin',(-2.48495352560649,117.275126836072,0.));
#6102=CARTESIAN_POINT('',(-2.48495352560649,117.275126836072,-6.));
#6103=CARTESIAN_POINT('',(-2.48495352560649,117.275126836072,-6.));
#6104=CARTESIAN_POINT('',(-2.48495352560649,117.275126836072,0.));
#6105=CARTESIAN_POINT('Origin',(-2.48495352560649,-2.42226547517244,0.));
#6106=CARTESIAN_POINT('',(-2.48495352560649,-2.42226547517244,-6.));
#6107=CARTESIAN_POINT('',(-2.48495352560649,-2.42226547517244,-6.));
#6108=CARTESIAN_POINT('',(-2.48495352560649,-2.42226547517244,0.));
#6109=CARTESIAN_POINT('Origin',(287.773455334639,-2.42226547517244,0.));
#6110=CARTESIAN_POINT('',(287.773455334639,-2.42226547517244,-6.));
#6111=CARTESIAN_POINT('Origin',(142.644250904516,57.4264306804498,-6.));
#6112=CARTESIAN_POINT('Origin',(287.773455334639,117.275126836072,-6.));
#6113=CARTESIAN_POINT('',(287.773455334639,117.275126836072,-10.2584424439959));
#6114=CARTESIAN_POINT('',(287.773455334639,117.275126836072,-6.));
#6115=CARTESIAN_POINT('',(287.773455334639,117.275126836072,-10.2584424439959));
#6116=CARTESIAN_POINT('',(-2.48454466536121,117.275126836072,-10.2584424439959));
#6117=CARTESIAN_POINT('',(287.773455334639,117.275126836072,-10.2584424439959));
#6118=CARTESIAN_POINT('',(-2.48454466536121,117.275126836072,-6.));
#6119=CARTESIAN_POINT('',(-2.48454466536121,117.275126836072,-10.2584424439959));
#6120=CARTESIAN_POINT('',(287.773455334639,117.275126836072,-6.));
#6121=CARTESIAN_POINT('Origin',(287.773455334639,67.5868375429769,-6.));
#6122=CARTESIAN_POINT('',(287.773455334639,67.5868375429769,-6.));
#6123=CARTESIAN_POINT('',(287.773455334639,-2.42226547517244,-6.));
#6124=CARTESIAN_POINT('',(-2.48454466536121,67.5868375429769,-6.));
#6125=CARTESIAN_POINT('',(-2.48454466536121,-2.42226547517244,-6.));
#6126=CARTESIAN_POINT('',(287.773455334639,67.5868375429769,-6.));
#6127=CARTESIAN_POINT('Origin',(287.773455334639,117.275126836072,-10.2584424439959));
#6128=CARTESIAN_POINT('',(287.773455334639,-2.42226547517244,0.));
#6129=CARTESIAN_POINT('',(-2.48454466536121,-2.42226547517244,0.));
#6130=CARTESIAN_POINT('Origin',(287.773455334639,57.4264306804498,-5.12922122199797));
#6131=CARTESIAN_POINT('Origin',(-2.48454466536121,57.4264306804498,-5.12922122199797));
#6132=UNCERTAINTY_MEASURE_WITH_UNIT(LENGTH_MEASURE(0.01),#6136,
'DISTANCE_ACCURACY_VALUE',
'Maximum model space distance between geometric entities at asserted c
onnectivities');
#6133=UNCERTAINTY_MEASURE_WITH_UNIT(LENGTH_MEASURE(0.01),#6136,
'DISTANCE_ACCURACY_VALUE',
'Maximum model space distance between geometric entities at asserted c
onnectivities');
#6134=(
GEOMETRIC_REPRESENTATION_CONTEXT(3)
GLOBAL_UNCERTAINTY_ASSIGNED_CONTEXT((#6132))
GLOBAL_UNIT_ASSIGNED_CONTEXT((#6136,#6138,#6139))
REPRESENTATION_CONTEXT('','3D')
);
#6135=(
GEOMETRIC_REPRESENTATION_CONTEXT(3)
GLOBAL_UNCERTAINTY_ASSIGNED_CONTEXT((#6133))
GLOBAL_UNIT_ASSIGNED_CONTEXT((#6136,#6138,#6139))
REPRESENTATION_CONTEXT('','3D')
);
#6136=(
LENGTH_UNIT()
NAMED_UNIT(*)
SI_UNIT(.MILLI.,.METRE.)
);
#6137=(
LENGTH_UNIT()
NAMED_UNIT(*)
SI_UNIT($,.METRE.)
);
#6138=(
NAMED_UNIT(*)
PLANE_ANGLE_UNIT()
SI_UNIT($,.RADIAN.)
);
#6139=(
NAMED_UNIT(*)
SI_UNIT($,.STERADIAN.)
SOLID_ANGLE_UNIT()
);
#6140=SHAPE_DEFINITION_REPRESENTATION(#6141,#6142);
#6141=PRODUCT_DEFINITION_SHAPE('',$,#6144);
#6142=SHAPE_REPRESENTATION('',(#3892),#6134);
#6143=PRODUCT_DEFINITION_CONTEXT('part definition',#6148,'design');
#6144=PRODUCT_DEFINITION('case','case v1',#6145,#6143);
#6145=PRODUCT_DEFINITION_FORMATION('',$,#6150);
#6146=PRODUCT_RELATED_PRODUCT_CATEGORY('case v1','case v1',(#6150));
#6147=APPLICATION_PROTOCOL_DEFINITION('international standard',
'automotive_design',2009,#6148);
#6148=APPLICATION_CONTEXT(
'Core Data for Automotive Mechanical Design Process');
#6149=PRODUCT_CONTEXT('part definition',#6148,'mechanical');
#6150=PRODUCT('case','case v1',$,(#6149));
#6151=PRESENTATION_STYLE_ASSIGNMENT((#6153));
#6152=PRESENTATION_STYLE_ASSIGNMENT((#6154));
#6153=SURFACE_STYLE_USAGE(.BOTH.,#6155);
#6154=SURFACE_STYLE_USAGE(.BOTH.,#6156);
#6155=SURFACE_SIDE_STYLE('',(#6157));
#6156=SURFACE_SIDE_STYLE('',(#6158));
#6157=SURFACE_STYLE_FILL_AREA(#6159);
#6158=SURFACE_STYLE_FILL_AREA(#6160);
#6159=FILL_AREA_STYLE('Plate',(#6161));
#6160=FILL_AREA_STYLE('Opaque(160,160,160)',(#6162));
#6161=FILL_AREA_STYLE_COLOUR('Plate',#6163);
#6162=FILL_AREA_STYLE_COLOUR('Opaque(160,160,160)',#6164);
#6163=COLOUR_RGB('Plate',0.6,0.6,0.6);
#6164=COLOUR_RGB('Opaque(160,160,160)',0.627450980392157,0.627450980392157,
0.627450980392157);
ENDSEC;
END-ISO-10303-21;
